大分類コード,中分類コード,小分類コード,細分類コード,名前,カナ
1,11,1101,110101,醤油,シヨウユ
1,11,1101,110103,砂糖,サトウ
1,11,1101,110105,低カロリー甘味料,テイカロリ－カンミリヨウ
1,11,1101,110107,味噌,ミソ
1,11,1101,110109,食塩,シヨクエン
1,11,1101,110111,食酢,シヨクス
1,11,1101,110113,合わせ酢（和風）,ワフウアワセス
1,11,1101,110115,みりん風調味料,ミリンフウチヨウミリヨウ
1,11,1101,110117,料理用日本酒,リヨウリヨウ　ニホンシユ
1,11,1101,110119,料理用ワイン,リヨウリヨウ　ワイン
1,11,1101,110121,風味調味料,フウミチヨウミリヨウ
1,11,1101,110123,液体だし,エキタイダシ
1,11,1101,110125,単一・複合調味料,タンイツ，フクゴウチヨウミ
1,11,1101,110129,ソース,ソ－ス
1,11,1101,110131,ケチャップ,ケチヤツプ
1,11,1101,110133,焼き肉のたれ,ヤキニクノタレ
1,11,1101,110135,その他のたれ,ソノタノタレ
1,11,1101,110137,マヨネーズ,マヨネ－ズ
1,11,1101,110139,ドレッシング,ドレツシング
1,11,1101,110141,香辛料（からし・わさび以外）,コウシンリヨウ（カラシワサヒ
1,11,1101,110142,からし・わさび,カラシ，ワサビ
1,11,1101,110143,つゆ,ツユ
1,11,1101,110149,中華調味料,チユウカチヨウミリヨウ
1,11,1101,110197,その他調味料,ソノタチヨウミリヨウ
1,11,1102,110203,ゴマ油,ゴマアブラ
1,11,1102,110205,サラダ油・天ぷら油,サラダ，テンプラアブラ
1,11,1102,110207,動物性油脂,ドウブツセイユシ
1,11,1102,110209,オリーブ油,オリ－ブユ
1,11,1102,110211,香味油,コウミユ
1,11,1102,110297,その他食用油,ソノタシヨクヨウアブラ
1,11,1103,110301,ピーナッツ・チョコクリーム,ピ－ナツツ，チヨコクリ－ム
1,11,1103,110303,ジャム・マーマレード,ジヤム，マ－マレ－ド
1,11,1103,110397,その他スプレッド類,ソノタスプレツドルイ
1,11,1104,110401,バター,バタ－
1,11,1104,110403,マーガリン・ファットスプレッド類,マ－ガリン，フアツトスプ
1,11,1104,110405,チーズ,チ－ズ
1,11,1104,110407,インスタントクリームパウダー,インスタントクリ－ムパウタ
1,11,1104,110409,スキムミルク,スキムミルク
1,11,1104,110411,練りミルク,ネリミルク
1,11,1104,110413,フレッシュクリーム,フレツシユクリ－ム
1,11,1104,110415,ホイップクリーム,ホイツプクリ－ム
1,11,1104,110497,その他乳製品,ソノタニユウセイヒン
1,11,1105,110501,インスタントカレー,インスタントカレ－
1,11,1105,110502,調理済みカレー,チヨウリズミカレ－
1,11,1105,110503,インスタントシチュー,インスタントシチユ－
1,11,1105,110504,調理済みシチュー,チヨウリズミシチユ－
1,11,1105,110505,ソースミックス,ソ－スミツクス
1,11,1105,110507,中華料理の素,チユウカリヨウリノモト
1,11,1105,110509,まぜ御飯の素,マゼゴハンノモト
1,11,1105,110511,米飯加工品,ベイハンカコウヒン
1,11,1105,110513,レンジ専用食品,レンジセンヨウシヨクヒン
1,11,1105,110515,ふりかけ,フリカケ
1,11,1105,110517,お茶漬の素,オチヤヅケノモト
1,11,1105,110597,その他調理品,ソノタチヨウリヒン
1,11,1106,110601,調理用スープ,チヨウリヨウス－プ
1,11,1106,110603,インスタントスープ,インスタントス－プ
1,11,1106,110605,インスタント味噌汁・吸物,インスタントミソシル，スイモ
1,11,1106,110697,その他スープ,ソノタス－プ
1,11,1107,110701,冷凍水産素材,レイトウ　スイサンソザイ
1,11,1107,110703,冷凍畜産素材,レイトウ　チクサンソザイ
1,11,1107,110705,冷凍農産素材,レイトウ　ノウサンソザイ
1,11,1107,110707,冷凍調理,レイトウ　チヨウリ
1,11,1107,110721,冷凍ピザ・グラタン類,レイトウ　ピザグラタン
1,11,1107,110723,冷凍麺,レイトウ　メン
1,11,1107,110725,冷凍米飯加工品,レイトウ　ベイハンカコウヒ
1,11,1107,110791,氷,コオリ
1,11,1107,110797,その他冷凍食品,ソノタレイトウシヨクヒン
1,11,1108,110801,水産缶詰（マグロ・カツオ以外）,スイサンカンヅメ
1,11,1108,110802,マグロ・カツオ缶詰,マグロ，カツオカンヅメ
1,11,1108,110803,野菜缶詰,ヤサイ　カンヅメ
1,11,1108,110805,果実・デザート缶詰,カジツ，デザ－トカンツ
1,11,1108,110807,畜産缶詰,チクサンカンヅメ
1,11,1108,110897,その他缶詰,ソノタカンヅメ
1,11,1110,111001,小麦粉,コムギコ
1,11,1110,111003,天ぷら粉,テンプラコ
1,11,1110,111005,パン粉,パンコ
1,11,1110,111007,唐揚げ粉類,カラアゲコルイ
1,11,1110,111009,片栗粉,カタクリコ
1,11,1110,111011,きな粉,キナコ
1,11,1110,111015,米粉,ベイフン
1,11,1110,111097,その他粉類,ソノタ　コナルイ
1,11,1111,111101,プレミックス,プレミツクス
1,11,1111,111105,蜂蜜,ハチミツ
1,11,1111,111107,水飴,ミズアメ
1,11,1111,111109,シロップ,シロツプ
1,11,1111,111111,生地・皮,キジ，カワ
1,11,1111,111113,デザートの素,デザ－トノモト
1,11,1111,111197,その他ホームメイキング材料,ソノタホ－ムメイキングザ
1,11,1112,111201,インスタント袋麺,インスタントフクロメン
1,11,1112,111203,カップ麺,カツプメン
1,11,1112,111205,乾麺,カンメン
1,11,1112,111207,生麺・ゆで麺,ナマメン，ユデメン
1,11,1112,111209,スパゲッティ,スパゲツテイ
1,11,1112,111211,マカロニ,マカロニ
1,11,1112,111297,その他麺類,ソノタメンルイ
1,11,1113,111301,食パン,シヨクパン
1,11,1113,111303,菓子パン,カシパン
1,11,1113,111305,調理パン,チヨウリパン
1,11,1113,111307,シリアル類,シリアルルイ
1,11,1113,111397,その他パン,ソノタパン
1,11,1114,111401,米,コメ
1,11,1114,111405,包装餅,ホウソウモチ
1,11,1114,111497,その他穀物,ソノタコクモツ
1,11,1115,111501,畜肉ハム,チクニクハム
1,11,1115,111503,畜肉ソーセージ,チクニクソ－セ－ジ
1,11,1115,111505,魚肉ハム,ギヨニクハム
1,11,1115,111507,魚肉ソーセージ,ギヨニクソ－セ－ジ
1,11,1115,111509,焼き豚,ヤキブタ
1,11,1115,111511,ベーコン,ベ－コン
1,11,1115,111597,その他加工肉類,ソノタカコウニクルイ
1,11,1116,111601,蒲鉾,カマボコ
1,11,1116,111603,竹輪,チクワ
1,11,1116,111605,はんぺん,ハンペン
1,11,1116,111607,揚げ物,アゲモノ
1,11,1116,111697,その他練り製品,ソノタネリセイヒン
1,11,1117,111701,漬物,ツケモノ
1,11,1117,111703,佃煮,ツクダニ
1,11,1117,111705,いりぬか・漬け物の素,イリヌカ，ツケモノノモト
1,11,1117,111797,その他漬物・佃煮,ソノタツケモノ，ツクダニ
1,11,1118,111801,豆腐,トウフ
1,11,1118,111803,コンニャク,コンニヤク
1,11,1118,111805,油揚げ,アブラアゲ
1,11,1118,111807,納豆,ナツトウ
1,11,1118,111897,その他水物,ソノタミズモノ
1,11,1119,111901,サラダ,サラダ
1,11,1119,111903,煮豆,ニマメ
1,11,1119,111905,和惣菜,ワソウザイ
1,11,1119,111907,中華惣菜,チユウカソウザイ
1,11,1119,111909,洋惣菜,ヨウソウザイ
1,11,1119,111997,その他惣菜,ソノタソウザイ
1,11,1120,112001,ゴマ,ゴマ
1,11,1120,112003,干し椎茸,ホシシイタケ
1,11,1120,112005,豆類,マメルイ
1,11,1120,112097,その他農産乾物,ソノタノウサンカンブツ
1,11,1121,112101,のり,ノリ
1,11,1121,112105,わかめ,ワカメ
1,11,1121,112107,昆布,コンブ
1,11,1121,112109,その他海藻類,ソノタカイソウルイ
1,11,1121,112111,削り節・かつお節,ケズリブシ，カツオブシ
1,11,1121,112113,煮干,ニボシ
1,11,1121,112197,その他加工水産,ソノタカコウスイサン
1,11,1197,119701,農産加工品,ノウサンカコウヒン
1,11,1197,119703,水産加工品,スイサンカコウヒン
1,11,1197,119705,畜産加工品,チクサンカコウヒン
1,11,1197,119797,その他加工食品,ソノタカコウシヨクヒン
1,12,1201,120197,その他水産,ソノタスイサン
1,12,1202,120297,その他畜産,ソノタチクサン
1,12,1203,120397,その他農産,ソノタノウサン
1,12,1297,129797,その他生鮮食品,ソノタセイセンシヨクヒン
1,13,1301,130121,キャンディ・キャラメル,キヤンデイ，キヤラメル
1,13,1301,130123,チョコレ－ト,チヨコレ－ト
1,13,1301,130125,チュ－インガム,チユ－インガム
1,13,1301,130127,ビスケット・クッキ－,ビスケツト，クツキ－
1,13,1301,130129,米菓,ベイカ
1,13,1301,130131,スナック,スナツク
1,13,1301,130133,豆菓子,マメガシ
1,13,1301,130135,玩具菓子,ガングガシ
1,13,1301,130137,生菓子,ナマガシ
1,13,1301,130139,半生菓子,ハンナマガシ
1,13,1301,130141,焼菓子・油菓子,ヤキガシ，アブラガシ
1,13,1301,130143,菓子セット,カシセツト
1,13,1301,130198,その他菓子,ソノタカシ
1,13,1302,130203,デザート類,デザ－トルイ
1,13,1302,130205,ヨーグルト,ヨ－グルト
1,13,1302,130297,その他デザート・ヨーグルト,ソノタデザ－ト，ヨ－グ
1,13,1303,130301,農産珍味,ノウサンチンミ
1,13,1303,130303,水産珍味,スイサンチンミ
1,13,1303,130305,畜産珍味,チクサンチンミ
1,13,1303,130397,その他珍味,ソノタチンミ
1,13,1304,130401,プレミアムアイス,プレミアムアイス
1,13,1304,130403,ファミリーアイス,フアミリ－アイス
1,13,1304,130497,パーソナルアイスその他,パ－ソナルアイスソノタ
1,13,1397,139797,その他菓子類,ソノタカシルイ
1,14,1401,140101,インスタントコーヒー,インスタントコ－ヒ－
1,14,1401,140103,レギュラーコーヒー,レギユラ－コ－ヒ－
1,14,1401,140105,ココア,ココア
1,14,1401,140107,紅茶,コウチヤ
1,14,1401,140109,日本茶,ニホンチヤ
1,14,1401,140111,麦茶,ムギチヤ
1,14,1401,140113,中国茶,チユウゴクチヤ
1,14,1401,140115,その他の茶類,ソノタノチヤルイ
1,14,1401,140197,その他嗜好飲料,ソノタシコウインリヨウ
1,14,1402,140201,果汁１００％飲料,カジユウ１００％インリヨウ
1,14,1402,140203,果汁飲料,カジユウインリヨウ
1,14,1402,140205,果肉飲料,カニクインリヨウ
1,14,1402,140209,野菜ジュース,ヤサイジユ－ス
1,14,1402,140211,トマトジュース,トマトジユ－ス
1,14,1402,140297,その他果実飲料,ソノタカジツインリヨウ
1,14,1403,140301,コーラ,コ－ラ
1,14,1403,140305,炭酸フレーバー,タンサンフレ－バ－
1,14,1403,140307,コーヒードリンク,コ－ヒ－ドリンク
1,14,1403,140309,ココアドリンク,ココアドリンク
1,14,1403,140311,紅茶ドリンク,コウチヤドリンク
1,14,1403,140313,日本茶・麦茶ドリンク,ニホンチヤ，ムギチヤドリ
1,14,1403,140315,中国茶ドリンク,チユウゴクチヤドリンク
1,14,1403,140316,その他茶ドリンク,ソノタチヤドリンク
1,14,1403,140317,水,ミズ
1,14,1403,140321,炭酸水,タンサンスイ
1,14,1403,140323,スポーツドリンク,スポ－ツドリンク
1,14,1403,140325,栄養ドリンク,エイヨウドリンク
1,14,1403,140327,ビネガードリンク,ビネガ－ドリンク
1,14,1403,140397,その他清涼飲料,ソノタセイリヨウインリヨウ
1,14,1404,140401,牛乳,ギユウニユウ
1,14,1404,140403,豆乳,トウニユウ
1,14,1404,140405,乳酸飲料,ニユウサンインリヨウ
1,14,1404,140407,乳酸菌飲料,ニユウサンキンインリヨウ
1,14,1404,140497,その他乳飲料,ソノタニユウインリヨウ
1,14,1406,140601,清酒,セイシユ
1,14,1406,140611,合成清酒,ゴウセイセイシユ
1,14,1406,140621,焼酎（甲類）,シヨウチユウ（コウルイ）
1,14,1406,140623,焼酎（乙類）,シヨウチユウ（オツルイ）
1,14,1406,140631,みりん,ミリン
1,14,1406,140641,ビール,ビ－ル
1,14,1406,140651,果実酒,カジツシユ
1,14,1406,140653,甘味果実酒,カンミカジツシユ
1,14,1406,140661,ウイスキー,ウイスキ－
1,14,1406,140663,ブランデー,ブランデ－
1,14,1406,140671,スピリッツ,スピリツツ
1,14,1406,140681,リキュール類,リキユ－ルルイ
1,14,1406,140691,発泡酒,ハツポウシユ
1,14,1406,140693,粉末酒,フンマツシユ
1,14,1406,140695,その他雑酒,ソノタザツシユ
1,14,1406,140697,その他アルコール飲料,ソノタアルコ－ルインリヨウ
1,14,1407,140701,酒類を含むセット商品,サケルイヲフクムセツトシヨウ
1,14,1407,140797,酒類を含むセット商品一般,サケルイセツトイツパン
1,14,1497,149797,その他飲料・酒類,ソノタインリヨウ，サケルイ
1,19,1901,190101,育児用ミルク,イクジヨウミルク
1,19,1901,190103,ベビーフード,ベビ－フ－ド
1,19,1901,190197,その他乳幼児食品,ソノタニユウヨウジシヨクヒ
1,19,1902,190201,健康食品,ケンコウシヨクヒン
1,19,1902,190203,妊産婦用食品,ニンサンフヨウシヨクヒン
1,19,1902,190297,その他健康食品,ソノタケンコウシヨクヒン
1,19,1903,190301,食品贈答品,シヨクヒンゾウトウヒン
1,19,1903,190397,その他食品贈答品,ソノタシヨクヒンゾウトウヒ
1,19,1997,199701,たばこ,タバコ
1,19,1997,199797,その他食品,ソノタシヨクヒン
2,21,2121,212101,歯磨き,ハミガキ
2,21,2121,212103,歯ブラシ,ハブラシ
2,21,2121,212105,洗口液,センコウエキ
2,21,2121,212107,口中清涼剤,コウチユウセイリヨウザイ
2,21,2121,212109,デンタル用品,デンタルヨウヒン
2,21,2121,212111,義歯用品,ギシヨウヒン
2,21,2121,212197,その他口中衛生用品,ソノタコウチユウエイセイヨウ
2,21,2122,212201,化粧石鹸,ケシヨウセツケン
2,21,2122,212203,ハンドソープ,ハンドソープ
2,21,2122,212205,ボディシャンプー・リンス,ボデイシヤンプ，リンス
2,21,2122,212207,入浴剤,ニユウヨクザイ
2,21,2122,212297,その他石鹸類,ソノタセツケンルイ
2,21,2123,212301,ティッシュペーパー,テイツシユペ－パ－
2,21,2123,212303,ペーパーハンドタオル・用具,ペ－パ－ハンドタオル，
2,21,2123,212305,ウェットティッシュ,ウエツトテイツシユ
2,21,2123,212307,トイレットペーパー,トイレツトペ－パ－
2,21,2123,212309,京花紙・ちり紙,キヨウカシ，チリガミ
2,21,2123,212311,生理用品・用具,セイリヨウヒン，ヨウグ
2,21,2123,212313,軽失禁用品・用具,ケイシツキンヨウヒン，ヨウク
2,21,2123,212397,その他衛生紙用品・用具,ソノタエイセイカミヨウヒン，
2,21,2124,212401,大人用オムツ,オトナヨウオムツ
2,21,2124,212403,大人用衛生用品,オトナヨウエイセイヨウヒン
2,21,2124,212497,その他介護用品・用具,ソノタカイゴヨウヒン，ヨウ
2,21,2125,212501,ベビー用オムツ,ベビーヨウオムツ
2,21,2125,212505,ベビー用スキンケア,ベビーヨウスキンケア
2,21,2125,212507,ベビー用衛生用品・用具,ベビーヨウエイセイヨウヒ
2,21,2125,212511,ベビー用ヘルスケア,ベビーヨウヘルスケア
2,21,2125,212513,授乳用品・用具,ジユニユウヨウヒン，ヨウク
2,21,2125,212597,その他育児用品・用具,ソノタイクジヨウヒン，ヨウ
2,21,2126,212601,綿棒,メンボウ
2,21,2126,212603,包帯,ホウタイ
2,21,2126,212605,ガーゼ,ガ－ゼ
2,21,2126,212607,脱脂綿,ダツシメン
2,21,2126,212609,救急絆創膏,キユウキユウバンソウコウ
2,21,2126,212611,固定テープ・巻絆創膏,コテイテープ，マキバンソ
2,21,2126,212615,サポーター,サポ－ター
2,21,2126,212617,マスク,マスク
2,21,2126,212619,避妊用品,ヒニンヨウヒン
2,21,2126,212621,飲薬補助用品・用具,インヤクホジヨヨウヒン，ヨ
2,21,2126,212623,コンタクトレンズ用剤・用具,コンタクトレンズヨウザイ
2,21,2126,212625,目・鼻・耳ケア用品・用具,メ，ハナ，ミミケアヨウヒン，
2,21,2126,212627,フットケア用品・用具,フツトケアヨウヒン，ヨウグ
2,21,2126,212629,ハサミ・ピンセット,ハサミ，ピンセツト
2,21,2126,212631,体温計,タイオンケイ
2,21,2126,212633,血圧計,ケツアツケイ
2,21,2126,212635,ヘルスメーター,ヘルスメ－タ－
2,21,2126,212637,肩こり・腰痛ケア用品・用具,カタコリ，ヨウツウケアヨウヒ
2,21,2126,212639,使い捨てカイロ,ツカイステカイロ
2,21,2126,212641,熱冷却用品・用具,ネツレイキヤクヨウヒン，ヨウ
2,21,2126,212697,その他衛生医療用品・用具,ソノタエイセイ，イリヨウヨウ
2,21,2127,212701,衣料用合成洗剤,イリヨウヨウゴウセイセンサ
2,21,2127,212703,洗濯用石鹸,センタクヨウセツケン
2,21,2127,212705,ライト系洗剤,ライトケイセンザイ
2,21,2127,212707,漂白剤,ヒヨウハクザイ
2,21,2127,212709,柔軟剤,ジユウナンザイ
2,21,2127,212711,仕上げ剤,シアゲザイ
2,21,2127,212713,衣料用処理剤,イリヨウヨウシヨリザイ
2,21,2127,212715,染料,センリヨウ
2,21,2127,212797,その他衣料用洗剤類,ソノタイリヨウヨウセンザイ
2,21,2128,212801,台所用洗剤,ダイドコロヨウセンザイ
2,21,2128,212803,台所用クレンザー,ダイドコロヨウクレンザ
2,21,2128,212805,台所用漂白剤,ダイドコロヨウヒヨウハク
2,21,2128,212807,廃油処理剤,ハイユシヨリザイ
2,21,2128,212809,台所用除菌・消臭剤,ダイドコロヨウジヨキン
2,21,2128,212897,その他台所・食器用洗剤類,ソノタダイドコロ，シヨツ
2,21,2129,212901,住居用洗剤,ジユウキヨヨウセンザイ
2,21,2129,212903,トイレ用洗剤,トイレヨウセンザイ
2,21,2129,212905,バス用洗剤,バスヨウセンザイ
2,21,2129,212907,ガラス用洗剤,ガラスヨウセンザイ
2,21,2129,212909,畳・カーペットクリーナー,タタミ，カーペツトクリーナ
2,21,2129,212911,パイプ・風呂釜クリーナー,パイプ，フロガマクリー
2,21,2129,212913,カビ防止剤・カビ取り剤,カビボウシザイ，カビ
2,21,2129,212915,換気扇・レンジクリーナー,カンキセン，レンジクリーナ
2,21,2129,212917,使い捨て紙クリーナー類,ツカイステカミクリーナールイ
2,21,2129,212919,電気製品用クリーナー,デンキセイヒンヨウクリーナ
2,21,2129,212997,その他住居用洗剤類,ソノタジユウキヨヨウセンサ
2,21,2130,213001,住居用ワックス,ジユウキヨヨウワツクス
2,21,2130,213003,靴墨・靴用クリーム,クツスミ，クツヨウクリーム
2,21,2130,213097,その他家庭用つや出し・ワックス剤,ソノタカテイヨウツヤダシワ
2,21,2131,213101,トイレ用芳香・消臭・防臭剤,トイレヨウホウコウ，シヨウシ
2,21,2131,213103,室内用芳香・消臭・防臭剤,シツナイヨウホウコウ，シヨウ
2,21,2131,213105,水洗トイレ用タンククリーナー,スイセントイレヨウタンククリ
2,21,2131,213107,脱臭剤,ダツシユウザイ
2,21,2131,213197,その他芳香・消臭剤,ソノタホウコウ，シヨウシユウ
2,21,2132,213201,防虫剤,ボウチユウザイ
2,21,2132,213203,除湿・乾燥剤,ジヨシツ，カンソウザイ
2,21,2132,213297,その他防虫・除湿・乾燥剤,ソノタボウチユウ，ジヨシ
2,21,2133,213301,殺虫剤,サツチユウザイ
2,21,2133,213303,蚊取り線香,カトリセンコウ
2,21,2133,213305,蚊取りマット・リキッド,カトリマツト，リキツド
2,21,2133,213307,電子蚊取り器,デンシカトリキ
2,21,2133,213309,ゴキブリ捕獲器,ゴキブリホカクキ
2,21,2133,213311,虫よけ剤・虫よけ器,ムシヨケザイ，ムシヨケキ
2,21,2133,213397,その他殺虫剤,ソノタサツチユウザイ
2,21,2198,219801,浄水剤,ジヨウスイザイ
2,21,2198,219897,その他日用雑貨,ソノタニチヨウザツカ
2,22,2211,221101,解熱鎮痛薬,ゲネツチンツウヤク
2,22,2211,221103,かぜ薬,カゼグスリ
2,22,2211,221105,鎮静薬・催眠鎮静薬,チンツウヤク，サイミンチンセ
2,22,2211,221107,眠気防止剤,ネムケボウシザイ
2,22,2211,221109,小児鎮静薬（小児五疳薬）,シヨウニヨウチンセイヤク（シ
2,22,2211,221197,その他の精神神経用薬,ソノタノセイシンシンケイヨウ
2,22,2212,221201,鎮咳去たん薬,チンガイキヨタンヤク
2,22,2212,221203,うがい薬,ウガイグスリ
2,22,2212,221297,その他の呼吸器官用薬,ソノタノコキユウキカンヨウヤ
2,22,2213,221301,強心薬,キヨウシンヤク
2,22,2213,221303,高コレステロール低下薬,コウコレステロールテイカヤク
2,22,2213,221305,貧血用薬,ヒンケツヨウヤク
2,22,2213,221397,その他の循環器官用薬,ソノタノジユンカンキカンヨ
2,22,2214,221401,胃腸薬,イチヨウヤク
2,22,2214,221403,整腸薬,セイチヨウヤク
2,22,2214,221405,止しゃ薬（下痢止め）,シシヤヤク（ゲリドメ）
2,22,2214,221407,胃腸鎮痛鎮痙薬,イチヨウチンツウチンケイヤク
2,22,2214,221409,浣腸薬,カンチヨウヤク
2,22,2214,221411,便秘薬,ベンピヤク
2,22,2214,221413,駆虫薬,クチユウヤク
2,22,2214,221497,その他の消化器官用薬,ソノタノシヨウカキカンヨウヤ
2,22,2215,221501,内服アレルギー用薬,ナイフクアレルギーヨウヤク
2,22,2215,221597,その他のアレルギー用薬,ソノタノアレルギーヨウヤク
2,22,2216,221601,目薬,メグスリ
2,22,2216,221603,鼻炎用薬,ビエンヨウヤク
2,22,2216,221605,乗物酔い薬,ノリモノヨイヤク
2,22,2216,221697,その他の感覚器官用薬,ソノタノカンカクキカンヨウヤ
2,22,2217,221701,口腔咽喉薬,コウクウインコウヤク
2,22,2217,221703,口内炎用薬,コウナイエンヨウヤク
2,22,2217,221705,歯痛・歯槽膿漏薬,ハイタ，シソウノウロウヤク
2,22,2217,221797,その他の歯科口腔用薬,ソノタノシカコウクウヨウヤク
2,22,2218,221801,痔疾用薬,ジシツヨウヤク
2,22,2218,221897,その他の肛門用薬,ソノタノコウモンヨウヤク
2,22,2219,221901,外用殺菌消毒薬,ガイヨウサツキンシヨウド
2,22,2219,221903,化膿性皮膚疾患用薬,カノウセイヒフシツカンヨウヤ
2,22,2219,221905,にきび治療薬,ニキビチリヨウヤク
2,22,2219,221907,外用鎮痛・消炎薬（貼付・塗布薬）,ガイヨウチンツウ，シヨウエ
2,22,2219,221909,外用湿疹・皮膚炎用薬,ガイヨウシツシン，ヒフエン
2,22,2219,221911,かゆみ・虫さされ用薬,カユミ，ムシササレヨウヤク
2,22,2219,221913,しもやけ・あかぎれ用薬,シモヤケ，アカギレヨウヤク
2,22,2219,221915,水虫・たむし用薬,ミズムシ，タムシヨウヤク
2,22,2219,221917,皮膚軟化薬（乾燥性皮膚用薬）,ヒフナンカヤク（カンソウセイ
2,22,2219,221919,うおのめ・たこ・いぼ用薬,ウオノメ，タコ，イボヨウヤ
2,22,2219,221921,発毛・養毛薬,ハツモウ，ヨウモウヤク
2,22,2219,221923,シラミ駆除用薬,シラミクジヨヨウヤク
2,22,2219,221925,絆創膏,バンソウコウ
2,22,2219,221997,その他の外皮用薬,ソノタノヒフヨウヤク
2,22,2220,222001,女性用保健薬,ジヨセイヨウホケンヤク
2,22,2220,222003,避妊薬,ヒニンヤク
2,22,2220,222097,その他の女性用薬,ソノタノジヨセイヨウヤク
2,22,2221,222101,ドリンク剤,ドリンクザイ
2,22,2221,222103,ミニドリンク剤,ミニドリンクザイ
2,22,2221,222197,その他のドリンク剤,ソノタノドリンクザイ
2,22,2222,222201,ビタミンＡ主薬製剤,ビタミンＡシユヤクセイザ
2,22,2222,222203,ビタミンＤ主薬製剤,ビタミンＤシユヤクセイザ
2,22,2222,222205,ビタミンＥ主薬製剤,ビタミンＥシユヤクセイザ
2,22,2222,222207,ビタミンＢ１主薬製剤,ビタミンＢ１シユヤクセイサ
2,22,2222,222209,ビタミンＢ２主薬製剤,ビタミンＢ２シユヤクセイサ
2,22,2222,222211,ビタミンＢ６主薬製剤,ビタミンＢ６シユヤクセイサ
2,22,2222,222213,ビタミンＢ１２主薬製剤,ビタミンＢ１２シユヤクセイ
2,22,2222,222215,ビタミンＣ主薬製剤,ビタミンＣシユヤクセイザ
2,22,2222,222217,ビタミンＡＤ主薬製剤,ビタミンＡＤシユヤクセイサ
2,22,2222,222219,ビタミンＢ２Ｂ６主薬製剤,ビタミンＢ２Ｂ６シユヤクセ
2,22,2222,222221,ビタミンＥＣ主薬製剤,ビタミンＥＣシユヤクセイサ
2,22,2222,222223,ビタミンＢ１Ｂ６Ｂ１２主薬製剤,ビタミンＢ１Ｂ６Ｂ１２シユ
2,22,2222,222297,その他のビタミン主薬製剤,ソノタノビタンミンシユヤク
2,22,2223,222301,ビタミン含有保健薬,ビタミンガンユウホケンヤ
2,22,2223,222397,その他のビタミン含有保健薬,ソノタノビタミンガンユウ
2,22,2224,222401,カルシウム主薬製剤,カルシウムシユヤクセイザイ
2,22,2224,222403,生薬主薬保健薬,シヨウヤクシユヤクホケンヤク
2,22,2224,222405,薬用酒,ヤクヨウシユ
2,22,2224,222497,その他の保健薬,ソノタノホケンヤク
2,22,2225,222501,禁煙補助薬,キンエンホジヨヤク
2,22,2226,222601,漢方薬１（あ行）,カンポウヤク１（アギヨウ
2,22,2226,222602,漢方薬２（か行）,カンポウヤク２（カギヨウ
2,22,2226,222603,漢方薬３（さ行）,カンポウヤク３（サギヨウ
2,22,2226,222604,漢方薬４（た行）,カンポウヤク４（タギヨウ
2,22,2226,222605,漢方薬５（な行）,カンポウヤク５（ナギヨウ
2,22,2226,222606,漢方薬６（は行）,カンポウヤク６（ハギヨウ
2,22,2226,222607,漢方薬７（ま行）,カンポウヤク７（マギヨウ
2,22,2226,222608,漢方薬８（や～ら行）,カンポウヤク８（ヤギヨウ
2,22,2226,222609,生薬製剤,シヨウヤクセイザイ
2,22,2226,222697,その他の漢方薬・生薬製剤,ソノタノカンポウヤク，シヨ
2,22,2227,222701,殺虫薬,サツチユウヤク
2,22,2227,222703,虫よけ薬,ムシヨケヤク
2,22,2227,222797,その他の公衆衛生用薬,ソノタノコウシユウエイセイヨ
2,22,2228,222801,一般用検査薬,イツパンヨウケンサヤク
2,22,2239,223997,その他のＯＴＣ医薬品,ソノタノＯＴＣイヤクヒン
2,22,2241,224101,鼻づまり改善（指定医薬部外品）,ハナヅマリカイゼン（シテ
2,22,2241,224103,のど清涼（指定医薬部外品）,ノドセイリヨウ（シテイイヤ
2,22,2241,224105,うがい（指定医薬部外品）,ウガイ（シテイイヤクブカ
2,22,2242,224201,健胃・消化（指定医薬部外品）,ケンイ，シヨウカ（シテイイヤ
2,22,2242,224203,整腸（指定医薬部外品）,セイチヨウ（シテイイヤクブ
2,22,2242,224205,便秘（指定医薬部外品）,ベンピ（シテイイヤクブ
2,22,2243,224301,コンタクトレンズ装着（指定医薬部外品）,コンタクトレンズソウチヤク
2,22,2243,224303,いびき防止（指定医薬部外品）,イビキボウシ（シテイイヤ
2,22,2243,224305,口・のど（指定医薬部外品）,クチ，ノド（シテイイヤクフ
2,22,2244,224401,殺菌消毒（指定医薬部外品）,サツキンシヨウドク（シテイ
2,22,2244,224403,あせも・ただれ（指定医薬部外品）,アセモ，タダレ（シテイイヤ
2,22,2244,224405,ひび・しもやけ・あかぎれ（指定医薬部外品,ヒビ，シモヤケ，アカギレ
2,22,2244,224407,かさつき・あれ（指定医薬部外品）,カサツキ，アレ（シテイイヤク
2,22,2244,224409,うおのめ・たこ・いぼ（指定医薬部外品）,ウオノメ，タコ，イボ（シテ
2,22,2245,224501,ドリンク剤（指定医薬部外品）,ドリンクザイ（シテイイヤ
2,22,2245,224503,ミニドリンク剤（指定医薬部外品）,ミニドリンクザイ（シテイ
2,22,2245,224505,ビタミンＥ（指定医薬部外品）,ビタミンＥ（シテイイヤクフ
2,22,2245,224507,ビタミンＣ（指定医薬部外品）,ビタミンＣ（シテイイヤクフ
2,22,2245,224509,ビタミンＥＣ（指定医薬部外品）,ビタミンＥＣ（シテイイヤク
2,22,2245,224511,ビタミン含有の滋養強壮（指定医薬部外品）,ビタミンガンユウノジヨ
2,22,2245,224513,カルシウム（指定医薬部外品）,カルシウム（シテイイヤクブ
2,22,2245,224515,生薬主薬保健薬（指定医薬部外品）,シヨウヤクシユヤクホケン（シ
2,22,2261,226101,処方せん医薬品,シヨホウセンイヤクヒン
2,22,2262,226201,処方せん医薬品以外の医療用医薬品,シヨホウセンイヤクヒンイガ
2,22,2263,226301,局方品,キヨクホウヒン
2,22,2298,229897,その他の医薬品,ソノタノイヤクヒン
2,23,2321,232101,マッサージ・コールドクリーム,マツサージ，コ－ルドクリ
2,23,2321,232103,メイク落とし,メイクオトシ
2,23,2321,232105,洗顔料,センガンリヨウ
2,23,2321,232107,化粧水,ケシヨウスイ
2,23,2321,232109,乳液,ニユウエキ
2,23,2321,232111,美容液,ビヨウエキ
2,23,2321,232113,パック,パツク
2,23,2321,232115,フェイスクリーム,フエイスクリーム
2,23,2321,232197,その他基礎化粧品,ソノタキソケシヨウヒン
2,23,2322,232201,化粧下地,ケシヨウシタジ
2,23,2322,232203,コンシーラ,コンシーラ
2,23,2322,232205,ファンデーション,フアンデ－シヨン
2,23,2322,232207,フェイスパウダー,フエイスパウダー
2,23,2322,232209,アイカラー,アイカラー
2,23,2322,232211,アイライナー,アイライナ－
2,23,2322,232213,マスカラ,マスカラ
2,23,2322,232215,アイブロウ,アイブロウ
2,23,2322,232217,チークカラー,チークカラー
2,23,2322,232219,リップカラー,リツプカラー
2,23,2322,232221,ネイルカラー,ネイルカラー
2,23,2322,232297,その他メイクアップ化粧品,ソノタメイクアツプケシヨウ
2,23,2323,232301,ボディローション・クリーム,ボデイローシヨン，クリー
2,23,2323,232303,リップクリーム,リツプクリ－ム
2,23,2323,232305,ハンドクリーム,ハンドクリ－ム
2,23,2323,232307,ＵＶケア,ＵＶケア
2,23,2323,232309,むだ毛処理剤,ムダゲシヨリザイ
2,23,2323,232311,レッグ・フットケア,レツグ，フツトケア
2,23,2323,232313,制汗防臭剤,セイカンボウシユウザイ
2,23,2323,232397,その他ボディケア化粧品,ソノタボデイケアケシヨウ
2,23,2324,232401,香水,コウスイ
2,23,2324,232403,トワレ,トワレ
2,23,2324,232405,コロン,コロン
2,23,2324,232497,その他フレグランス,ソノタフレグランス
2,23,2325,232501,シャンプー,シヤンプ－
2,23,2325,232503,ヘアリンス・コンディショナー,ヘアリンス，コンデシヨナー
2,23,2325,232505,ヘアトリートメント・パック,ヘア－トリ－トメント，パツ
2,23,2325,232597,その他インバスヘアケア,ソノタインバスヘアケア
2,23,2326,232605,ブロー・スタイリング剤,ブロ－，スタイリングザ
2,23,2326,232607,ヘアスプレー・ヘアグロス,ヘアスプレ－，ヘアグロス
2,23,2326,232609,女性用ヘアトニック,ジヨセイヨウヘア－トニツク
2,23,2326,232611,女性用育毛・養毛剤,ジヨセイヨウイクモウ，ヨウ
2,23,2326,232613,パーマ剤,パ－マザイ
2,23,2326,232697,その他ヘアメイク,ソノタヘアメイク
2,23,2327,232701,黒髪用カラーリング剤,クロカミヨウカラーリングサ
2,23,2327,232703,白髪用カラーリング剤,シラガヨウカラーリングサ
2,23,2327,232797,その他ヘアカラー,ソノタヘアカラー
2,23,2328,232801,プレシェーブ・シェービング剤,プレシエーブ，シエ－ビ
2,23,2328,232803,男性用洗顔料・パック,ダンセイヨウセンガンリヨ
2,23,2328,232805,男性用スキンローション,ダンセイヨウスキンローシヨ
2,23,2328,232807,男性用スキンクリーム・ミルク,ダンセイヨスキンクリーム，
2,23,2328,232809,男性用メイクアップ,ダンセイヨウメイクアツプ
2,23,2328,232811,男性用ヘアトニック,ダンセイヨウヘア－トニツク
2,23,2328,232813,男性用育毛・養毛剤,ダンセイヨウイクモウ，モウ
2,23,2328,232815,男性用ブロー・スタイリング剤,ダンセイヨウブロー，スタ
2,23,2328,232817,男性用ヘアスプレー・ヘアグロス,ダンセイヨウヘア－スプレ
2,23,2328,232821,男性黒髪用カラーリング剤,ダンセイヨウクロカミヨウカ
2,23,2328,232823,男性白髪用カラーリング剤,ダンセイシラガヨウカラー
2,23,2328,232825,男性用制汗防臭剤,ダンセイヨウセイカンボウ
2,23,2328,232827,男性用フレグランス,ダンセイヨウフレグランス
2,23,2328,232897,その他男性化粧品,ソノタダンセイケシヨウヒン
2,23,2329,232901,カミソリ,カミソリ
2,23,2329,232903,ヘア用化粧用具,ヘアヨウケシヨウヨウグ
2,23,2329,232905,フェイス用化粧用具,フエイスヨウケシヨウヨウグ
2,23,2329,232907,ネイル用化粧用具,ネイルヨウケシヨウヨウグ
2,23,2329,232909,ボディ用化粧用具,ボデイヨウケシヨウヨウク
2,23,2329,232997,その他化粧小物,ソノタケシヨウコモノ
2,23,2398,239897,その他化粧品,ソノタケシヨウヒン
2,24,2401,240101,ラッピングフィルム,ラツピングフイルム
2,24,2401,240103,アルミホイル,アルミホイル
2,24,2401,240197,その他食品包装,ソノタシヨクヒンホウソウ
2,24,2402,240201,ゴミ袋,ゴミブクロ
2,24,2402,240203,ほうき・はたき類,ホウキ，ハタキルイ
2,24,2402,240205,ちり取り,チリトリ
2,24,2402,240207,掃除用ブラシ,ソウジヨウブラシ
2,24,2402,240209,モップ・雑巾,モツプ，ゾウキン
2,24,2402,240211,バケツ・ペール,バケツ，ペ－ル
2,24,2402,240213,屑入れ,クズイレ
2,24,2402,240297,その他掃除用品,ソノタソウジヨウヒン
2,24,2403,240301,洗濯用品,センタクヨウヒン
2,24,2403,240303,物干し用品,モノホシヨウヒン
2,24,2403,240305,洗濯仕上げ用品,センタクシアゲヨウヒン
2,24,2403,240397,その他洗濯・物干し用品,ソノタセンタク，モノホシヨウ
2,24,2404,240401,ガスマット類,ガスマツトルイ
2,24,2404,240403,ふきん・鍋つかみ類,フキン，ナベツカミルイ
2,24,2404,240405,たわし・スポンジ,タワシ，スポンジ
2,24,2404,240407,ペーパーフィルター,ペ－パ－フイルタ－
2,24,2404,240409,缶切り・栓抜き類,カンキリ，センヌキルイ
2,24,2404,240411,流し用品,ナガシヨウヒン
2,24,2404,240413,キッチンペーパー,キツチンペ－パ－
2,24,2404,240497,その他台所用品,ソノタダイドコロヨウヒン
2,24,2405,240501,浴室用品,ヨクシツヨウヒン
2,24,2405,240503,洗面用品,センメンヨウヒン
2,24,2405,240505,身体洗い用品,カラダアライヨウヒン
2,24,2405,240507,トイレ用品,トイレヨウヒン
2,24,2405,240597,その他浴室・トイレ用品,ソノタヨクシツ，トイレヨウヒ
2,24,2406,240601,食品調味料容器,シヨクヒンチヨウミリヨウヨウ
2,24,2406,240603,卓上小物,タクジヨウコモノ
2,24,2406,240605,箸,ハシ
2,24,2406,240607,ナイフ・フォーク・スプーン,ナイフ，フオ－ク，スプ－ン
2,24,2406,240609,碗,ワン
2,24,2406,240611,皿,サラ
2,24,2406,240613,鉢・丼,ハチ，ドン
2,24,2406,240615,コップ・グラス,コツプ，グラス
2,24,2406,240617,湯呑・急須,ユノミ，キユウス
2,24,2406,240619,土瓶・鉄瓶,ドビン，テツビン
2,24,2406,240621,徳利・盃,トツクリ，サカズキ
2,24,2406,240623,簡易食器,カンイシヨツキ
2,24,2406,240625,弁当箱・ウェア,ベントウバコ，ウエア
2,24,2406,240627,魔法瓶・ジャー,マホウビン，ジヤ－
2,24,2406,240697,その他食卓用品,ソノタシヨクタクヨウヒン
2,24,2407,240701,鍋・釜類,ナベ，カマルイ
2,24,2407,240703,やかん類,ヤカン，ポツトルイ
2,24,2407,240705,フライパン類,フライパンルイ
2,24,2407,240707,調理器物,チヨウリキブツ
2,24,2407,240709,製菓用品,セイカヨウヒン
2,24,2407,240797,その他調理器具,ソノタチヨウリキグ
2,24,2408,240801,シート類,シ－トルイ
2,24,2408,240803,壁紙・障子紙,カベガミ，シヨウジガ
2,24,2408,240805,ハンガーボード・フック,ハンガ－ボ－ド，フツク
2,24,2408,240807,ハンガー,ハンガ－
2,24,2408,240809,リビング用テープ類,リビングヨウテ－プルイ
2,24,2408,240811,簡易収納ケース,カンイシユウノウケ－ス
2,24,2408,240813,テーブルクロス,テ－ブルクロス
2,24,2408,240897,その他リビング用品,ソノタリビングヨウヒン
2,24,2497,249701,線香,センコウ
2,24,2497,249703,ローソク,ロ－ソク
2,24,2497,249705,かいろ・湯たんぽ,カイロ，ユタンポ
2,24,2497,249707,マッチ,マツチ
2,24,2497,249709,ライター,ライタ－
2,24,2497,249711,喫煙用具,キツエンヨウグ
2,24,2497,249713,荷造り用品,ニヅクリヨウヒン
2,24,2497,249715,家庭用手袋,カテイヨウテブクロ
2,24,2497,249717,裁縫・手芸用品,サイホウ，シユゲイヨウヒン
2,24,2497,249719,靴関連用品,クツカンレンヨウヒン
2,24,2497,249797,その他家庭用品,ソノタカテイヨウヒン
2,25,2501,250101,大工用品,ダイクヨウヒン
2,25,2501,250103,電動工具,デンドウコウグ
2,25,2501,250105,塗装用具,トソウヨウグ
2,25,2501,250197,その他建築・塗装用具,ソノタ　ケンチク，トソウヨウ
2,25,2502,250201,建築・金具,ケンチクカナグ
2,25,2502,250203,木材,モクザイ
2,25,2502,250205,基礎材,キソザイ
2,25,2502,250207,塗装材料,トソウザイリヨウ
2,25,2502,250209,接着剤,セツチヤクザイ
2,25,2502,250211,補修用品,ホシユウヨウヒン
2,25,2502,250297,その他建築・塗装材料,ソノタケンチク，トソウザイ
2,25,2503,250301,ガス部品,ガスブヒン
2,25,2503,250303,水道部品,スイドウブヒン
2,25,2503,250397,その他ガス・水道部品,ソノタガス，スイドウブ
2,25,2504,250401,園芸用殺虫剤,エンゲイヨウサツチユウザ
2,25,2504,250403,肥料,ヒリヨウ
2,25,2504,250405,用土,ヨウド
2,25,2504,250407,種・球根類,タネ，キユウコンルイ
2,25,2504,250409,鉢・フラワースタンド類,ハチ，フラワ－スタンドルイ
2,25,2504,250411,園芸用具,エンゲイヨウグ
2,25,2504,250413,生花用品,イケバナヨウヒン
2,25,2504,250497,その他園芸用品,ソノタエンゲイヨウヒン
2,25,2597,259797,その他ＤＩＹ用品,ソノタＤＩＹヨウヒン
2,26,2621,262101,犬フード,イヌフード
2,26,2621,262103,犬用品・用具,イヌヨウヒン，ヨウグ
2,26,2621,262105,犬用医薬品,イヌヨウイヤクヒン
2,26,2621,262107,犬生体,イヌセイタイ
2,26,2621,262197,その他犬関連品,ソノタイヌカンレンヒン
2,26,2622,262201,猫フード,ネコフード
2,26,2622,262203,猫用品・用具,ネコヨウヒン，ヨウグ
2,26,2622,262205,猫用医薬品,ネコイヤクヒン
2,26,2622,262207,猫生体,ネコセイタイ
2,26,2622,262297,その他猫関連品,ソノタネコカンレンヒン
2,26,2623,262301,観賞魚フード,カンシヨウギヨフード
2,26,2623,262303,観賞魚用品・用具,カンシヨウギヨヨウヒン，ヨ
2,26,2623,262305,観賞魚医薬品,カンシヨウギヨイヤクヒン
2,26,2623,262307,観賞魚生体,カンシヨウギヨセイタイ
2,26,2623,262397,その他観賞魚関連品,ソノタカンシヨウギヨカンレ
2,26,2624,262401,小鳥フード,コトリフード
2,26,2624,262403,小鳥用品・用具,コトリヨウヒン，ヨウグ
2,26,2624,262405,小鳥医薬品,コトリイヤクヒン
2,26,2624,262407,小鳥生体,コトリセイタイ
2,26,2624,262497,その他小鳥関連品,ソノタコトリカンレンヒン
2,26,2625,262501,小動物フード,シヨウドウブツフード
2,26,2625,262503,小動物用品・用具,シヨウドウブツヨウヒン，
2,26,2625,262505,小動物用医薬品,シヨウドウブツイヤクヒン
2,26,2625,262507,小動物生体,シヨウドウブツセイタイ
2,26,2625,262597,その他小動物関連品,ソノタシヨウドウブツカン
2,26,2626,262601,昆虫フード,コンチユウフード
2,26,2626,262603,昆虫用品・用具,コンチユウヨウヒン，ヨウグ
2,26,2626,262605,昆虫用医薬品,コンチユウイヤクヒン
2,26,2626,262607,昆虫生体,コンチユウセイタイ
2,26,2626,262697,その他昆虫関連品,ソノタコンチユウカンレンヒン
2,26,2627,262701,爬虫類・両生類フード,ハチユウルイ，リヨウセイルイ
2,26,2627,262703,爬虫類・両生類用品・用具,ハチユウルイ，リヨウセイルイ
2,26,2627,262705,爬虫類・両生類医薬品,ハチユウルイ，リヨウセイルイ
2,26,2627,262707,爬虫類・両生類生体,ハチユウルイ，リヨウセイルイ
2,26,2627,262797,その他爬虫類・両生類関連品,ソノタハチユウルイ，リヨウセ
2,26,2698,269801,その他ペットフード,ソノタペツトフード
2,26,2698,269803,その他ペット用品・用具,ソノタペツトヨウヒン，ヨウ
2,26,2698,269805,その他ペット医薬品,ソノタペツトイヤクヒン
2,26,2698,269807,その他ペット生体,ソノタペツトセイタイ
2,26,2698,269897,その他ペット関連品,ソノタペツトカンレンヒン
2,29,2901,290101,日用贈答品,ニチヨウゾウトウヒン
2,29,2901,290197,その他日用贈答品,ソノタニチヨウゾウトウヒン
2,29,2903,290301,写真用フィルム,シヤシンヨウフイルム
2,29,2903,290303,８ミリフィルム,８ミリフイルム
2,29,2903,290397,その他フィルム,ソノタフイルム
2,29,2904,290401,カセットテープ,カセツトテ－プ
2,29,2904,290403,オープンリールテープ,オ－プンリ－ルテ－プ
2,29,2904,290405,ビデオテープ,ビデオテ－プ
2,29,2904,290497,その他オーディオ・ビデオテープ,ソノタオ－デイオ，ビデ
2,29,2904,290499,オーディオ・ビデオテープ,オ－デイオ，ビデオテ－
2,29,2997,299797,その他日用品,ソノタニチヨウヒン
3,31,3101,310101,ＯＡスタンド,ＯＡスタンド
3,31,3101,310103,カードケース・ボックス,カ－ドケ－ス，ボツクス
3,31,3101,310197,情報整理用品一般,ジヨウホウセイリヨウヒンイ
3,31,3102,310201,ファイル,フアイル
3,31,3102,310203,ボックスファイル,ボツクスフアイル
3,31,3102,310205,フォルダー,フオルダ－
3,31,3102,310207,用箋挟み,ヨウセンバサミ
3,31,3102,310209,バインダー,バインダ－
3,31,3102,310297,ファイル・バインダー、一般,フアイル，バインダ－，イ
3,31,3103,310301,印章・印字用品,インシヨウ，インジヨウヒン
3,31,3103,310303,ファスナー,フアスナ－
3,31,3103,310305,クリップ,クリツプ
3,31,3103,310307,画鋲・ピン,ガビヨウ，ピン
3,31,3103,310309,ゴムバンド,ゴムバンド
3,31,3103,310311,カッターナイフ,カツタ－ナイフ
3,31,3103,310313,はさみ,ハサミ
3,31,3103,310315,粘着テープ,ネンチヤクテ－プ
3,31,3103,310317,糊つきメモ,ノリツキメモ
3,31,3103,310319,接着剤,セツチヤクザイ
3,31,3103,310397,事務用品一般,ジムヨウヒンイツパン
3,31,3104,310401,鉛筆,エンピツ
3,31,3104,310403,シャープペンシル,シヤ－プペンシル
3,31,3104,310405,ボールペン,ボ－ルペン
3,31,3104,310407,マーキングペン,マ－キングペン
3,31,3104,310409,万年筆,マンネンヒツ
3,31,3104,310411,消しゴム,ケシゴム
3,31,3104,310413,修正液,シユウセイエキ
3,31,3104,310415,筆ペン,フデペン
3,31,3104,310497,筆記用具一般,ヒツキヨウグイツパン
3,31,3105,310501,ノート,ノ－ト
3,31,3105,310503,手帳,テチヨウ
3,31,3105,310505,カード,カ－ド
3,31,3105,310507,便箋,ビンセン
3,31,3105,310509,封筒,フウトウ
3,31,3105,310511,保存袋、手提袋,ホゾンフクロ，テサゲフク
3,31,3105,310513,事務用紙製品,ジムヨウカミセイヒン
3,31,3105,310515,届け出用紙,トドケデヨウシ
3,31,3105,310597,紙製品一般,カミセイヒンイツパン
3,31,3106,310601,アルバム,アルバム
3,31,3106,310603,礼式用品,レイシキヨウヒン
3,31,3106,310605,一般紙製品,イツパンカミセイヒン
3,31,3106,310607,輸入紙製品,ユニユウカミセイヒン
3,31,3106,310609,はがき,ハガキ
3,31,3106,310611,和本,ワボン
3,31,3106,310613,包装用品,ホウソウヨウヒン
3,31,3106,310697,日用紙製品一般,ニチヨウカミセイヒンイツパ
3,31,3107,310701,絵画用品,カイガヨウヒン
3,31,3107,310703,書道用品,シヨドウヨウヒン
3,31,3107,310705,彫刻用品,チヨウコクヨウヒン
3,31,3107,310707,そろばん,ソロバン
3,31,3107,310709,鉛筆削り,エンピツケズリ
3,31,3107,310711,筆入れ,フデイレ
3,31,3107,310713,定規・コンパス,ジヨウギ，コンパス
3,31,3107,310715,学童用品・教材教具,ガクドウヨウヒン，キヨウ
3,31,3107,310717,地球儀類,チキユウギルイ
3,31,3107,310719,光学用品,コウガクヨウヒン
3,31,3107,310797,教育関連用品一般,キヨウイクカンレンヨウヒンイ
3,31,3108,310801,電卓,デンタク
3,31,3108,310803,電子手帳,デンシテチヨウ
3,31,3108,310805,電子黒板,デンシコクバン
3,31,3108,310897,電子文具一般,デンシブングイツパン
3,31,3109,310901,チェックライター,チエツクライタ－
3,31,3109,310903,パンチ,パンチ
3,31,3109,310905,ホチキス,ホチキス
3,31,3109,310907,裁断器,サイダンキ
3,31,3109,310997,事務用機器一般,ジムヨウキキイツパン
3,31,3110,311001,ワードプロセッサ,ワ－ドプロセツサ
3,31,3110,311003,複写機,フクシヤキ
3,31,3110,311005,タイムレコーダー,タイムレコ－ダ－
3,31,3110,311007,ファクシミリ・電話,フアクシミリ，デンワ
3,31,3110,311009,レジスター,レジスタ－
3,31,3110,311011,パソコン,パソコン
3,31,3110,311013,印刷機,インサツキ
3,31,3110,311015,シュレッダー,シユレツダ－
3,31,3110,311017,ラミネーター,ラミネ－タ－
3,31,3110,311019,オーバーヘッドプロジェクター,オ－バ－ヘツドプロジ
3,31,3110,311021,製本機,セイホンキ
3,31,3110,311097,事務機械一般,ジムキカイイツパン
3,31,3111,311101,データファイル・バインダー,デ－タフアイル，バインタ
3,31,3111,311103,フロッピーディスク,フロツピ－デイスク
3,31,3111,311105,ＯＡ用紙,ＯＡヨウシ
3,31,3111,311107,ＯＡリボン,ＯＡリボン
3,31,3111,311109,ラミネート用品,ラミネ－トヨウヒン
3,31,3111,311111,ＯＨＰ用品,ＯＨＰヨウヒン
3,31,3111,311197,ＯＡサプライズ一般,ＯＡサプライズイツパン
3,31,3112,311201,製図機械,セイズキカイ
3,31,3112,311203,製図ペン,セイズペン
3,31,3112,311205,製図用定規・コンパス,セイズヨウジヨウギ．コ
3,31,3112,311297,設計製図用品一般,セツケイセイズヨウヒンイツ
3,31,3113,311301,レタリングシート,レタリングシ－ト
3,31,3113,311397,デザイン画材用品一般,デザインガザイヨウヒ
3,31,3115,311501,机・テーブル,ツクエ．テ－ブル
3,31,3115,311503,椅子,イス
3,31,3115,311505,収納家具・ロッカー,シユウノウカグ，ロツカ－
3,31,3115,311507,金庫,キンコ
3,31,3115,311509,物品棚,ブツピンタナ
3,31,3115,311511,オフィスアクセサリー,オフイスアクセサリ－
3,31,3115,311513,黒板・ホワイトボード,コクバン，ホワイトボ－ト
3,31,3115,311515,応接セット,オウセツセツト
3,31,3115,311597,オフィス家具一般,オフイスカグイツパン
3,31,3116,311601,袋ものカバン,フクロモノカバン
3,31,3116,311603,パスケース,パスケ－ス
3,31,3116,311605,名刺入れ,メイシイレ
3,31,3116,311697,携帯文具一般,ケイタイブングイツパン
3,31,3117,311797,文具、事務用品贈答品一般,ブング，ジムヨウヒンソ
3,31,3118,311801,電池,デンチ
3,31,3118,311803,カセット,カセツト
3,31,3118,311805,ビデオテープ,ビデオテ－プ
3,31,3118,311897,文具関連電気用品一般,ブングカンレンデンキヨ
3,31,3197,319797,その他一般文具・事務用品・情報文具,ブング，ジムヨウヒン
3,32,3201,320101,盤ゲーム,バンゲ－ム
3,32,3201,320103,アクションゲーム,アクシヨンゲ－ム
3,32,3201,320105,ミニゲーム,ミニゲ－ム
3,32,3201,320107,ジョークゲーム,ジヨ－クゲ－ム
3,32,3201,320111,シミュレーションゲーム,シミユレ－シヨンゲ－ム
3,32,3201,320113,カードゲーム,カ－ドゲ－ム
3,32,3201,320115,古典ゲーム,コテンゲ－ム
3,32,3201,320117,手品,テジナ
3,32,3201,320119,ジョークトーイ,ジヨ－クト－イ
3,32,3201,320121,その他アダルトゲーム,ソノタアダルトゲ－ム
3,32,3201,320197,一般ゲームその他,イツパンゲ－ムソノタ
3,32,3202,320201,パズル,パズル
3,32,3202,320203,ジグソーパズル,ジグソ－パズル
3,32,3202,320297,その他パズル,ソノタパズル
3,32,3203,320301,電子ゲーム,デンシゲ－ム
3,32,3203,320397,電子ゲームその他,デンシゲ－ムソノタ
3,32,3204,320401,テレビゲーム・パソコン本体,テレビゲ－ム．パソコン
3,32,3204,320403,テレビゲーム・パソコンソフト,テレビゲ－ム．パソコン
3,32,3204,320497,その他テレビゲーム・パソコン,ソノタテレビゲ－ム．パ
3,32,3205,320501,オリジナル男児キャラクター,オリジナルダンジキヤラ
3,32,3205,320503,マスコミ男児キャラクター,マスコミダンジキヤラクタ
3,32,3205,320597,その他男児キャラクター,ソノタダンジキヤラクタ－
3,32,3206,320601,フリクションアクショントーイ,フリクシヨンアクシヨント－イ
3,32,3206,320603,バッテリーアクショントーイ,バツテリ－アクシヨント－イ
3,32,3206,320605,ゼンマイアクショントーイ,ゼンマイアクシヨント－イ
3,32,3206,320697,その他アクショントーイ,ソノタアクシヨント－イ
3,32,3207,320701,ミニカー,ミニカ－
3,32,3207,320703,ミニカー用品,ミニカ－ヨウヒン
3,32,3207,320705,アクションミニカー,アクシヨンミニカ－
3,32,3207,320797,その他ミニカー,ソノタミニカ－
3,32,3208,320801,レールトーイ,レ－ルト－イ
3,32,3208,320897,その他レールトーイ,ソノタレ－ルト－イ
3,32,3209,320901,トイラジオコントロール,トイラジオコントロ－ル
3,32,3209,320903,リモートコントロール,リモ－トコントロ－ル
3,32,3209,320905,レーシング,レ－シング
3,32,3209,320909,ハイテックロボ,ハイテツクロボ
3,32,3209,320911,サイエンスホビー,サイエンスホビ－
3,32,3209,320997,その他コントロール・サイエンストーイ,ソノタコントロ－ル．サイエン
3,32,3210,321001,人形,ニンギヨウ
3,32,3210,321003,ハウス・家具,ハウス．カグ
3,32,3210,321005,きせかえ用品,キセカエヨウヒン
3,32,3210,321097,その他　きせかえ,ソノタ　キセカエ
3,32,3211,321101,ままごと,ママゴト
3,32,3211,321197,その他　ままごと,ソノタ　ママゴト
3,32,3212,321201,女児ホビー,ジヨジホビ－
3,32,3212,321203,女児コレクションホビー,ジヨジコレクシヨンホビ
3,32,3212,321207,音楽,オンガク
3,32,3212,321297,その他女児ホビー,ソノタジヨジホビ－
3,32,3213,321301,抱き人形,ダキニンギヨウ
3,32,3213,321303,アクション人形,アクシヨンニンギヨウ
3,32,3213,321305,ファッション人形,フアツシヨンニンギヨウ
3,32,3213,321397,その他トイドール,ソノタトイド－ル
3,32,3214,321401,学習器,ガクシユウキ
3,32,3214,321403,ブロック,ブロツク
3,32,3214,321405,積木,ツミキ
3,32,3214,321407,マイク・楽器,マイク．ガツキ
3,32,3214,321409,工作,コウサク
3,32,3214,321411,幼児用パズル,ヨウジヨウパズル
3,32,3214,321497,その他知育,ソノタチイク
3,32,3215,321501,バストーイ,バスト－イ
3,32,3215,321503,ベビートーイ,ベビ－ト－イ
3,32,3215,321505,ベビー用品,ベビ－ヨウヒン
3,32,3215,321597,その他保育玩具,ソノタホイクガング
3,32,3216,321601,リビング,リビング
3,32,3216,321603,生活雑貨,セイカツザツカ
3,32,3216,321605,身辺雑貨,シンペンザツカ
3,32,3216,321607,フーズ,フ－ズ
3,32,3216,321609,パーティー,パ－テイ－
3,32,3216,321611,レジャー用品,レジヤ－ヨウヒン
3,32,3216,321613,ステーショナリー,ステ－シヨナリ－
3,32,3216,321697,その他ファンシー,ソノタフアンシ－
3,32,3217,321701,ぬいぐるみ,ヌイグルミ
3,32,3217,321703,キャラクターぬいぐるみ,キヤラクタ－ヌイグルミ
3,32,3217,321705,アクションぬいぐるみ,アクシヨンヌイグルミ
3,32,3217,321797,その他ぬいぐるみ,ソノタヌイグルミ
3,32,3218,321801,プラモデル（陸）,プラモデル（リク）
3,32,3218,321803,プラモデル（海）,プラモデル（ウミ）
3,32,3218,321805,プラモデル（空）,プラモデル（ソラ）
3,32,3218,321807,プラモデルキャラクター,プラモデルキヤラクタ－
3,32,3218,321897,その他プラモデル,ソノタプラモデル
3,32,3219,321901,電動ラジオコントロール,デンドウラジオコントロ
3,32,3219,321903,エンジンラジオコントロール,エンジンラジオコントロ－
3,32,3219,321905,ラジオコントロール用品,ラジオコントロ－ルヨウヒン
3,32,3219,321997,その他　ラジオコントロール,ソノタ　ラジオコントロ－ル
3,32,3220,322001,Ｎゲージ,Ｎゲ－ジ
3,32,3220,322003,その他のゲージ,ソノタノゲ－ジ
3,32,3220,322005,鉄道模型用品,テツドウモケイヨウヒン
3,32,3220,322097,その他　鉄道模型,ソノタ　テツドウモケイ
3,32,3221,322101,シューティングガン,シユ－テイングガン
3,32,3221,322103,モデルガン,モデルガン
3,32,3221,322105,ガン用品,ガンヨウヒン
3,32,3221,322197,その他　ガン,ソノタ　ガン
3,32,3222,322201,クラフトホビー,クラフトホビ－
3,32,3222,322203,アダルトホビー,アダルトホビ－
3,32,3222,322297,その他クラフト・アダルトホビー,ソノタクラフト．アダルトホ
3,32,3223,322301,ホビー関連用品,ホビ－カンレンヨウヒン
3,32,3223,322397,その他　ホビー関連用品,ソノタ　ホビ－カンレンヨウ
3,32,3224,322401,和人形,ニホンニンギヨウ
3,32,3224,322403,洋人形,セイヨウニンギヨウ
3,32,3224,322405,アンティック人形,アンテイツクニンギヨウ
3,32,3224,322497,その他　ギフト人形,ソノタ　ギフトニンギヨウ
3,32,3225,322501,正月人形,１ガツニンギヨウ
3,32,3225,322503,三月人形,３ガツニンギヨウ
3,32,3225,322505,五月人形,５ガツニンギヨウ
3,32,3225,322507,その他人形,ソノタニンギヨウ
3,32,3225,322509,正月用品,シヨウガツヨウヒン
3,32,3225,322511,水物ビニール用品,ミズモノビニ－ルヨウヒン
3,32,3225,322513,その他夏物用品,ソノタナツモノヨウヒン
3,32,3225,322515,縁日物玩具,エンニチモノガング
3,32,3225,322517,クリスマス用品,クリスマスヨウヒン
3,32,3225,322597,その他　季節用品,ソノタ　キセツヨウヒン
3,32,3226,322601,幼児向け花火,ヨウジムケハナビ
3,32,3226,322603,ヤング向け花火,ヤングムケハナビ
3,32,3226,322697,その他　花火,ソノタ　ハナビ
3,32,3227,322701,小物玩具,コモノガング
3,32,3227,322703,紙製玩具,カミセイガング
3,32,3227,322797,その他　小物玩具,ソノタ　コモノガング
3,32,3228,322801,トイスポーツ,トイスポ－ツ
3,32,3228,322803,ジュニアトイスポーツ,ジユニアトイスポ－ツ
3,32,3228,322897,その他スポーツ,ソノタスポ－ツ
3,32,3229,322901,乗物,ノリモノ
3,32,3229,322903,ベビーカー,ベビ－カ－
3,32,3229,322905,遊具,ユウグ
3,32,3229,322997,その他乗物,ソノタノリモノ
3,32,3297,329797,その他玩具,ソノタガング
3,33,3397,339797,一般書籍,イツパンシヨセキ
3,34,3401,340101,ピアノ,ピアノ
3,34,3401,340103,ハープシコード、鍵盤弦楽器,ハ－プシコ－ドルイ
3,34,3401,340105,ハープ,ハ－プ
3,34,3401,340197,ピアノその他けん（鍵）盤楽器一般,ピアノ，ケンバンガツキ
3,34,3402,340201,パイプオルガン,パイプオルガン
3,34,3402,340203,リードオルガン,リ－ドオルガン
3,34,3402,340205,ハーモニカ,ハ－モニカ
3,34,3402,340207,けん盤ハーモニカ,ケンバンハ－モニカ
3,34,3402,340209,アコーディオン,アコ－デイオン
3,34,3402,340211,パンパイプ,パンパイプ
3,34,3402,340297,リード楽器一般,リ－ドガツキイツパン
3,34,3403,340301,金管楽器,キンカンガツキ
3,34,3403,340303,木管楽器,モツカンガツキ
3,34,3403,340397,管楽器一般,カンガツキイツパン
3,34,3404,340401,バイオリン,バイオリン
3,34,3404,340403,ビオラ,ビオラ
3,34,3404,340405,チェロ,チエロ
3,34,3404,340407,ダブルベース,ダブルベ－ス
3,34,3404,340409,マンドリン,マンドリン
3,34,3404,340411,アコースティックギター,アコ－ステイツクギタ－
3,34,3404,340413,ウクレレ,ウクレレ
3,34,3404,340415,バンジョー,バンジヨ－
3,34,3404,340497,弦楽器一般,ゲンガツキイツパン
3,34,3405,340501,太鼓,タイコ
3,34,3405,340503,ティンパニー,テインパニ－
3,34,3405,340505,立奏木琴,リツソウモツキン
3,34,3405,340507,鉄琴,テツキン
3,34,3405,340509,チューブラーベル,チユ－ブラ－ベル
3,34,3405,340511,ゴング,ゴング
3,34,3405,340513,シンバル,シンバル
3,34,3405,340515,タンブリン,タンブリン
3,34,3405,340597,打楽器一般,ダガツキイツパン
3,34,3406,340601,電子楽器,デンシガツキ
3,34,3406,340603,電気楽器,デンキガツキ
3,34,3406,340697,電子楽器・電気楽器一般,デンシガツキ，デンキカ
3,34,3407,340701,弦楽器,ゲンガツキ
3,34,3407,340703,管楽器,カンガツキ
3,34,3407,340705,打楽器,ダガツキ
3,34,3407,340797,和楽器一般,ワガツキイツパン
3,34,3408,340801,楽器用の弦,ガツキヨウノゲン
3,34,3408,340803,楽器用の弓,ガツキヨウノユミ
3,34,3408,340805,ばち（撥）,バチ　（バチ）
3,34,3408,340807,自動演奏用のせん孔した楽器,ジドウエンソウヨウ　セン
3,34,3408,340809,オルゴールのムーブメント,オルゴ－ルノム－ブメント
3,34,3408,340811,メトロノーム,メトロノ－ム
3,34,3408,340813,調子笛・音さ,チヨウシフエ，オンサ
3,34,3408,340897,楽器の部分品・附属品一般,ガツキノブブンヒン，フ
3,34,3409,340901,ディスク式記録物類,デイスクシキキロクブツル
3,34,3409,340903,テープ式記録物類,テ－プシキキロクブツルイ
3,34,3409,340905,映像用フィルム,エイゾウヨウフイルム
3,34,3409,340997,記録物一般,キロクブツイツパン
3,34,3410,341001,ピアノ楽譜,ピアノガクフ
3,34,3410,341003,電子オルガン楽譜,デンシオルガンガクフ
3,34,3410,341005,ギター楽譜,ギタ－ガクフ
3,34,3410,341007,弦楽器楽譜,ゲンガツキガクフ
3,34,3410,341009,管・打楽器・吹奏楽楽譜,カン，ダガツキ，スイソウ
3,34,3410,341011,デジタル楽器楽譜,デジタルガツキガクフ
3,34,3410,341013,アンサンブル楽譜,アンサンブルガクフ
3,34,3410,341015,オーケストラスコア,オ－ケストラスコア
3,34,3410,341017,ロックバンドスコア,ロツクバンドスコア
3,34,3410,341019,声楽・合唱・聴音楽譜,セイガク，ガツシヨウガ
3,34,3410,341021,カラオケ・歌集・歌謡曲楽譜,カラオケ，カシユウ，カヨウカ
3,34,3410,341023,和楽器楽譜,ワガツキガクフ
3,34,3410,341097,その他楽譜,ソノタガクフ
3,34,3411,341101,音楽辞典,オンガクジテン
3,34,3411,341103,音楽理論書・専門書,オンガクリロンシヨ，センモ
3,34,3411,341105,音楽読み物・エッセイ,オンガクヨミモノ，エツセイ
3,34,3411,341107,音楽雑誌,オンガクザツシ
3,34,3411,341109,コンピュータ音楽書籍,コンピユ－タオンガクシヨ
3,34,3411,341111,オーディオ音楽書籍,オ－デイオオンガクシヨセ
3,34,3411,341197,その他音楽書籍・雑誌,ソノタオンガクシヨセキ，サ
3,34,3412,341201,楽譜出版社制作ビデオ,ガクフシユツパンビデ
3,34,3412,341203,楽譜出版社制作ＣＤ,ガクフシユツパンＣＤ
3,34,3412,341205,楽譜出版社制作ＣＤ－ＲＯＭ・ＤＶＤ,ガクフシユツパンＣＤ－Ｒ
3,34,3412,341207,ミュージックデータ,ユ－ジツクデ－タ
3,34,3412,341209,楽譜関連グッズ,ガクフカンレングツズ
3,34,3412,341297,その他楽譜関連商品,ソノタガクフカンレンシヨウ
3,34,3497,349797,その他一般楽器・音響ソフト,イツパンガツキ，オンキヨ
3,36,3601,360101,中央処理装置,チユウオウシヨリソウチ
3,36,3601,360103,パーソナルコンピュータ,パ－ソナルコンピユ－タ
3,36,3601,360105,補助記憶装置,ホジヨキオクソウチ
3,36,3601,360107,入出力装置,ニユウシユツリヨクソウチ
3,36,3601,360109,端末装置,タンマツソウチ
3,36,3601,360111,オフライン装置,オフラインソウチ
3,36,3601,360113,電子計算機用部品・附属品・入力部品,デンシケイサンキヨウブヒ
3,36,3601,360197,デジタル型一般,デジタルガタイツパン
3,36,3602,360297,アナログ型一般,アナログガタイツパン
3,36,3603,360397,ハイブリット型一般,ハイブリツトガタイツパ
3,36,3604,360401,汎用プログラム,ハンヨウプログラム
3,36,3604,360403,カスタムプログラム,カスタムプログラム
3,36,3604,360497,システム・プログラム一般,システム，プログラムイツ
3,36,3605,360501,汎用プログラム,ハンヨウプログラム
3,36,3605,360503,カスタムプログラム,カスタムプログラム
3,36,3605,360597,アプリケーション・プログラム一般,アプリケ－シヨン，プロク
3,36,3606,360601,電話機,デンワキ
3,36,3606,360603,電話応用電話機,デンワオウヨウデンワキ
3,36,3606,360605,電信装置,デンシンソウチ
3,36,3606,360607,画像装置,ガゾウソウチ
3,36,3606,360609,交換機,コウカンキ
3,36,3606,360611,伝送装置,デンソウソウチ
3,36,3606,360613,有線通信機器用部品・附属品,ユウセンツウシンキキヨウブ
3,36,3606,360697,有線通信装置一般,ユウセンツウシンソウチイツハ
3,36,3697,369797,その他一般情報機器,ソノタイツパンジヨウホウ
3,39,3901,390101,マッチ,マツチ
3,39,3901,390103,マッチ箱,マツチハコ
3,39,3901,390105,つけ木,ツケギ
3,39,3901,390107,ろうそく,ロウソク
3,39,3901,390109,くん物,クンモノ
3,39,3901,390111,線香,センコウ
3,39,3901,390197,マッチ類一般,マツチルイイツパン
3,39,3902,390201,ボタン,ボタン
3,39,3902,390203,プレスファスナー、スナップファスナー,プレスフアスナ－，スナツフ
3,39,3902,390205,縫針及び指ぬき,ヌイバリオヨビユビヌキ
3,39,3902,390297,裁縫用小物用品一般,サイホウヨウコモノヨウヒンイ
3,39,3903,390301,道路標識,゛ウロヒヨウシキ
3,39,3903,390303,停留場標識,テイリユウジヨウヒヨウシキ
3,39,3903,390305,広告用品,コウコクヨウヒン
3,39,3903,390307,電気標識,デンキヒヨウシキ
3,39,3903,390309,アドバルーン,アドバル－ン
3,39,3903,390311,空中投影機,クウチユウトウエイキ
3,39,3903,390397,標識及び広告用品一般,ヒヨウシキオヨビコウコクヨ
3,39,3904,390401,神だな（棚）・神具,カミダナ（タナ），シング
3,39,3904,390403,仏檀・仏具,ブツダン，ブツグ
3,39,3904,390405,祭檀、祭具・結納品,サイダン，サイグ，ユイノ
3,39,3904,390407,葬具,ソウグ
3,39,3904,390497,宗教用具一般,シユウキヨウヨウグイツパ
3,39,3997,399797,その他一般文化用品,ソノタイツパンブンカヨウ
4,42,4201,420101,和たんす,ワタンス
4,42,4201,420103,洋たんす,ヨウタンス
4,42,4201,420105,整理たんす（チェスト）,セイリタンス（チエスト）
4,42,4201,420197,たんす一般,タンスイツパン
4,42,4202,420201,飾り戸だな,カザリトダナ
4,42,4202,420203,書籍戸だな,シヨセキトダナ
4,42,4202,420205,サイドボード,サイドボ－ド
4,42,4202,420207,食器戸だな,シヨツキトダナ
4,42,4202,420209,茶だな,チヤダナ
4,42,4202,420211,整理戸だな類,セイリトダナルイ
4,42,4202,420213,陳列戸だな,チンレツトダナ
4,42,4202,420215,げた箱,ゲタバコ
4,42,4202,420297,戸だな一般,トダナイツパン
4,42,4203,420301,書だな,シヨダナ
4,42,4203,420303,飾りだな,カザリダナ
4,42,4203,420305,陳列だな,チンレツダナ
4,42,4203,420307,整理だな,セイリダナ
4,42,4203,420397,たな一般,タナイツパン
4,42,4204,420401,衣料整理箱,イリヨウセイリバコ
4,42,4204,420403,裁縫箱,サイホウバコ
4,42,4204,420405,がん（玩）具箱,ガン（ガン）グバコ
4,42,4204,420407,レコードキャビネット,レコ－ドキヤビネツト
4,42,4204,420409,事務用整理箱,ジムヨウセイリバコ
4,42,4204,420497,箱一般,ハコイツパン
4,42,4205,420501,ラジオキャビネット,ラジオキヤビネツト
4,42,4205,420503,テレビキャビネット,テレビキヤビネツト
4,42,4205,420505,ステレオキャビネット,ステレオキヤビネツト
4,42,4205,420597,フォノキャビネット一般,フオノキヤビネツトイツパ
4,42,4206,420601,座机,スワリヅクエ
4,42,4206,420603,立机,タチヅクエ
4,42,4206,420605,学校用机,ガツコウヨウツクエ
4,42,4206,420697,机一般,ツクエイツパン
4,42,4207,420701,座卓,ザタク
4,42,4207,420703,立卓,リツタク
4,42,4207,420797,テーブル（卓子）一般,テ－ブル　（テ－ブル）
4,42,4208,420801,一面鏡台,イチメンキヨウダイ
4,42,4208,420803,三面鏡台,サンメンキヨウダイ
4,42,4208,420805,姫鏡台,ヒメキヨウダイ
4,42,4208,420807,姿見（脚付き）,スガタミ　（キヤクツキ）
4,42,4208,420809,壁掛け鏡,カベカケカガミ
4,42,4208,420811,ドレッサー,ドレツサ－
4,42,4208,420897,鏡台一般,キヨウダイイツパン
4,42,4209,420901,調理台,チヨウリダイ
4,42,4209,420903,配ぜん（膳）台,ハイゼン　（ゼン）　ダ
4,42,4209,420905,流し台,ナガシダイ
4,42,4209,420907,ガス台,ガスダイ
4,42,4209,420909,作業台,サギヨウダイ
4,42,4209,420911,実験台,ジツケンダイ
4,42,4209,420913,陳列台,チンレツダイ
4,42,4209,420915,売場台,ウリバダイ
4,42,4209,420997,台一般,ダイイツパン
4,42,4210,421001,（一人用ひじなし）ソファー,（ヒトリヨウヒジナシ）　ソ
4,42,4210,421003,スツール,スツ－ル
4,42,4210,421005,座いす,ザイス
4,42,4210,421007,小いす,コ　イス
4,42,4210,421009,ひじ掛けいす,ヒジカケイス
4,42,4210,421011,長いす,ナガイス
4,42,4210,421013,寝いす,ネイス
4,42,4210,421015,乳幼児用いす,ニユウヨウジヨウイス
4,42,4210,421017,特殊用途のいす,トクシユヨウトノイス
4,42,4210,421097,いす（椅子）・腰掛け一般,イス　（イス）　，コシカケイ
4,42,4211,421101,普通ベッド,フツウベツド
4,42,4211,421103,ハリウッドベッド,ハリウツドベツド
4,42,4211,421105,二段ベッド,ニダンベツド
4,42,4211,421107,ベビーベッド,ベビ－ベツド
4,42,4211,421109,スタディオベッド,スタデイオベツド
4,42,4211,421111,コンバーチブルベッド,コンバ－チブルベツド
4,42,4211,421113,特殊用途のベッド,トクシユヨウトノベツド
4,42,4211,421115,ベッド用部品,ベツドヨウブヒン
4,42,4211,421197,ベッド一般,ベツドイツパン
4,42,4212,421201,スプリングマットレス,スプリングマツトレス
4,42,4212,421203,フォームマットレス,フオ－ムマツトレス
4,42,4212,421205,ウォーターマットレス,ウオ－タ－マツトレス
4,42,4212,421297,マットレス一般,マツトレスイツパン
4,42,4213,421301,耐火金庫,タイカキンコ
4,42,4213,421303,手さげ金庫,テサゲキンコ
4,42,4213,421397,金庫一般,キンコイツパン
4,42,4214,421401,更衣用ロッカー,コウイヨウロツカ－
4,42,4214,421403,物品用ロッカー,ブツピンヨウロツカ－
4,42,4214,421497,ロッカー一般,ロツカ－イツパン
4,42,4215,421501,花器台,カキダイ
4,42,4215,421503,植木台,ウエキダイ
4,42,4215,421505,電話台,デンワダイ
4,42,4215,421507,置物台,オキモノダイ
4,42,4215,421509,テレビ台,テレビダイ
4,42,4215,421511,囲碁・将棋盤用の台,イゴ，シヨウギバンヨウ
4,42,4215,421513,見台,ケンダイ
4,42,4215,421597,器物台一般,キブツダイイツパン
4,42,4297,429797,その他一般家具,ソノタイツパンカグ
4,43,4303,430301,ファミリー車,フアミリ－シヤ
4,43,4303,430303,スポーツ車,スポ－ツシヤ
4,43,4303,430305,子供車,コドモシヤ
4,43,4303,430307,自転車パーツ,ジテンシヤパ－ツ
4,43,4303,430397,自転車一般,ジテンシヤイツパン
4,43,4311,431101,乗用車用タイヤ,ジヨウヨウシヤヨウタイヤ
4,43,4311,431103,トラック、バス用タイヤ,トラツク、バスヨウタイヤ
4,43,4311,431105,冬用タイヤ,フユヨウタイヤ
4,43,4311,431197,車用その他タイヤ及び付属品,クルマヨウソノタタイヤ
4,43,4312,431201,車用アルミホイール,クルマヨウアルミホイール
4,43,4312,431203,車用スチールホイール,クルマヨウスチールホイール
4,43,4312,431297,車用その他ホイール及び付属品,クルマヨウソノタホイール
4,43,4313,431301,車用ＣＤ、ＭＤ、カセットデッキ,クルマヨウＣＤ、ＭＤ
4,43,4313,431303,車用スピーカー、アンプ,クルマヨウスピーカー
4,43,4313,431397,その他車用オーディオ用品,ソノタクルマヨウオーデイオ
4,43,4314,431401,カーナビゲーション,カーナビゲーシヨン
4,43,4314,431403,車用テレビ,クルマヨウテレビ
4,43,4314,431405,車用映像再生装置,クルマヨウエイゾウサイセイ
4,43,4314,431407,ＥＴＣ,ＥＴＣ
4,43,4314,431497,その他車用コミュニケーション機器,ソノタクルマミユニケーシヨン
4,43,4315,431501,洗車用シャンプー,センシヤヨウシヤンプー
4,43,4315,431503,車用ワックス、コート剤,クルマヨウワツクス
4,43,4315,431505,ウィンド関連,ウインドカンレン
4,43,4315,431507,車用クリーナー,クルマヨウクリーナー
4,43,4315,431509,車用ペイント、補修剤,クルマヨウペイント
4,43,4315,431511,洗車関連用品,センシヤカンレンヨウヒン
4,43,4315,431597,その他洗車、補修用品,ソノタセンシヤ、ホシユウ
4,43,4316,431601,車用芳香、消臭、脱臭剤,クルマヨウホウコウ
4,43,4316,431603,車用キャリア,クルマヨウキヤリア
4,43,4316,431605,車用チャイルドシート,クルマヨウチヤイルドシート
4,43,4316,431607,車内アクセサリー,シヤナイアクセサリー
4,43,4316,431609,車外アクセサリー,シヤガイアクセサリー
4,43,4316,431611,車内電装機器,シヤナイデンソウキキ
4,43,4316,431697,その他車用アクセサリー,ソノタクルマヨウアクセサリー
4,43,4317,431701,ライト関連,ライトカンレン
4,43,4317,431703,ステアリング,ステアリング
4,43,4317,431705,シフト、ペダル類,シフト、ペダルルイ
4,43,4317,431707,シート関連,シートカンレン
4,43,4317,431709,ホイル関連,ホイルカンレン
4,43,4317,431711,ドレスアップ用電装用品,ドレスアツプデンソウ
4,43,4317,431797,その他車用ドレスアップ用品,ソノタドレスアツプ
4,43,4318,431801,エンジンオイル,エンジンオイル
4,43,4318,431803,その他オイル,ソノタオイル
4,43,4318,431805,車用バッテリー,クルマヨウバツテリー
4,43,4318,431807,ワイパブレード,ワイパブレード
4,43,4318,431809,車用オイルフィルター,クルマヨウオイルフイルター
4,43,4318,431811,車用エアフィルター,クルマヨウエアフイルター
4,43,4318,431813,車用フェールフィルター,クルマヨウフエールフイルター
4,43,4318,431815,車用エアコンフィルター,クルマヨウエアコンフイルター
4,43,4318,431817,車用電球、電装用品,クルマヨウデンキユウ
4,43,4318,431819,車用工具,クルマヨウコウグ
4,43,4318,431821,車用緊急応急用品,クルマヨウキンキユウオウキユ
4,43,4318,431897,その他車用メンテナンス用品,ソノタクルマヨウメンテナンス
4,43,4319,431901,車用電装関連ケミカル,クルマヨウデンソウカンレン
4,43,4319,431903,車用冷却関連ケミカル,クルマヨウレイキヤクカンレン
4,43,4319,431905,車用潤滑関連ケミカル,クルマヨウジユンカツカンレ
4,43,4319,431907,車用燃料関連ケミカル,クルマヨウネンリヨウカンレン
4,43,4319,431909,車用駆動関連ケミカル,クルマヨウクドウカンレン
4,43,4319,431911,車用業務関連ケミカル,クルマヨウギヨウムカンレン
4,43,4319,431997,その他車用等ケミカル,ソノタクルマヨウトウケミカル
4,43,4320,432001,エンジン系チューニング用品,エンジンケイチユーニング
4,43,4320,432003,排気系チューニング用品,ハイキケイチユーニング
4,43,4320,432005,吸気系チューニング用品,キユウキケイチユーニング
4,43,4320,432007,サスペンション・ブレーキ系チューニング,サスペンシヨン・ブレーキ
4,43,4320,432009,車用電装系チューニング用品,クルマヨウデンソウケイ
4,43,4320,432097,その他車用チューニング用品,ソノタクルマチユーニング
4,43,4321,432101,エンジン部品,エンジンブヒン
4,43,4321,432103,車用駆動部品,クルマヨウクドウブヒン
4,43,4321,432105,サスペンション・ブレーキ部品,サスペンシヨン・ブレーキ
4,43,4321,432107,車体部品,シヤタイブヒン
4,43,4321,432109,車用電装部品,クルマヨウデンソウブヒン
4,43,4321,432197,その他部品,ソノタブヒン
4,43,4322,432201,バイク用品,バイクヨウヒン
4,43,4322,432297,その他バイク用品類,ソノタバイクヨウヒンルイ
4,43,4398,439897,その他車両用品,ソノタシヤリヨウヨウヒン
4,44,4401,440101,腕時計,ウデドケイ
4,44,4401,440103,旅行時計,リヨコウドケイ
4,44,4401,440105,計器盤用時計,ケイキバンヨウドケイ
4,44,4401,440107,置・目覚まし時計,オキ，メザマシドケイ
4,44,4401,440109,掛時計,カケドケイ
4,44,4401,440197,時計一般,トケイイツパン
4,44,4402,440201,ウオッチケース,ウオツチケ－ス
4,44,4402,440203,クロックケース部品,クロツクケ－スブヒン
4,44,4402,440205,その他の時計の部分品,ソノタノトケイノブブンヒ
4,44,4402,440297,時計関連用品一般,トケイカンレンヨウヒンイツハ
4,44,4405,440501,メガネレンズ,メガネレンズ
4,44,4405,440510,メガネ関連品,メガネカンレンヒン
4,44,4405,440597,メガネ一般,メガネイツパン
4,44,4497,449797,その他一般時計・メガネ,ソノタイツパントケイ，メカ
4,45,4501,450101,コンパクトカメラ,コンパクトカメラ
4,45,4501,450103,３５ｍｍ１眼レフカメラ,３５ミリイチガンレフカメラ
4,45,4501,450105,中・大判カメラ,チユウ．オオバンカメラ
4,45,4501,450107,インスタントカメラ,インスタントカメラ
4,45,4501,450109,ムービービデオカメラ,ム－ビ－ビデオカメラ
4,45,4501,450111,スチイルビデオカメラ,スチイルビデオカメラ
4,45,4501,450197,その他カメラ,ソノタカメラ
4,45,4502,450201,３５ｍｍ交換レンズ,３５ミリコウカンレンズ
4,45,4502,450203,中・大判交換レンズ,チユウ，オオバンコウカンレ
4,45,4502,450297,その他交換レンズ,ソノタコウカンレンズ
4,45,4503,450301,双眼鏡,ソウガンキヨウ
4,45,4503,450303,望遠鏡,ボウエンキヨウ
4,45,4503,450305,顕微鏡,ケンビキヨウ
4,45,4503,450397,その他光学機器,ソノタコウガクキキ
4,45,4504,450401,フィルター,フイルタ－
4,45,4504,450403,ストロボ,ストロボ
4,45,4504,450405,三脚,サンキヤク
4,45,4504,450407,バッグ,バツグ
4,45,4504,450409,アルバム,アルバム
4,45,4504,450411,電池,デンチ
4,45,4504,450413,スライド、ＯＨＰ,スライド，ＯＨＰ
4,45,4504,450415,補助レンズ,ホジヨレンズ
4,45,4504,450417,照明用品,シヨウメイヨウヒン
4,45,4504,450419,撮影用品,サツエイヨウヒン
4,45,4504,450421,暗室用品,アンシツヨウヒン
4,45,4504,450497,その他写真用品,ソノタシヤシンヨウヒン
4,45,4505,450501,ネガカラーフィルム,ネガカラ－フイルム
4,45,4505,450503,レンズ付フィルム,レンズツキフイルム
4,45,4505,450505,リバーサルカラーフィルム,リバ－サルカラ－フイルム
4,45,4505,450507,モノクロフィルム,モノクロフイルム
4,45,4505,450509,インスタントフィルム,インスタントフイルム
4,45,4505,450511,特殊フィルム,トクシユフイルム
4,45,4505,450597,その他フィルム,ソノタフイルム
4,45,4597,459797,その他光学・写真関連品,ソノタコウガク，シヤシンカ
4,46,4601,460105,カラーテレビ,カラ－テレビ
4,46,4601,460110,ＨＤＴＶ,ＨＤＴＶ
4,46,4601,460115,プロジェクションテレビ,プロジエクシヨンテレビ
4,46,4601,460120,液晶テレビ,エキシヨウテレビ
4,46,4601,460197,テレビ関連機器，その他,テレビカンレンキキ，ソノタ
4,46,4603,460305,ビデオデッキ,ビデオデツキ
4,46,4603,460310,カメラ一体型ビデオ,カメライツタイガタビデ
4,46,4603,460397,ビデオ関連機器，その他,ビデオカンレンキキ，ソノ
4,46,4605,460505,ビデオディスク,ビデオデイスク
4,46,4605,460597,ＶＤＰ関連機器，その他,ＶＤＰカンレンキキ，ソノタ
4,46,4607,460705,アンプ,アンプ
4,46,4607,460710,チューナー,チユ－ナ－
4,46,4607,460715,アナログプレーヤー,アナログプレ－ヤ－
4,46,4607,460720,スピーカー,スピ－カ－
4,46,4607,460725,テープデッキ,テ－プデツキ
4,46,4607,460730,ＣＤプレーヤー,ＣＤプレ－ヤ－
4,46,4607,460735,デジタル機器,デジタルキキ
4,46,4607,460797,コンポ，ステレオその他,コンポ，ステレオソノタ
4,46,4609,460905,ミニコンポ,ミニコンポ
4,46,4609,460997,ステレオその他,ステレオソノタ
4,46,4611,461105,マイク,マイク
4,46,4611,461110,ヘッドホン,ヘツドホン
4,46,4611,461115,オーディオラック,オ－デイオラツク
4,46,4611,461120,イコライザー,イコライザ－
4,46,4611,461125,オーディオタイマー,オ－デイオタイマ－
4,46,4611,461197,オーディオ，その他,オ－デイオソノタ
4,46,4613,461305,ラジオ,ラジオ
4,46,4613,461310,ラジカセ,ラジカセ
4,46,4613,461315,ヘッドホンステレオ,ヘツドホンステレオ
4,46,4613,461320,テープレコーダー,テ－プレコ－ダ－
4,46,4613,461397,テレコ，ラジオその他,テレコ，ラジオソノタ
4,46,4615,461505,カーステレオ,カ－ステレオ
4,46,4615,461510,カーアンプ,カ－アンプ
4,46,4615,461515,カースピーカー,カ－スピ－カ－
4,46,4615,461520,カーＣＤ,カ－ＣＤ
4,46,4615,461597,カーコンポその他,カ－コンポソノタ
4,46,4617,461705,トランシーバー,トランシ－バ－
4,46,4617,461710,パーソナル無線,パ－ソナルムセン
4,46,4617,461715,拡声器,カクセイキ
4,46,4617,461797,トランシーバー，拡声器その他,トランシ－バ－，カクセイキ
4,46,4619,461905,ビデオテープ,ビデオテ－プ
4,46,4619,461910,オーディオテープ,オ－デイオテ－プ
4,46,4619,461915,フロッピーディスク,フロツピ－デイスク
4,46,4619,461920,ＭＤ，ＤＣＣ,ＭＤ，ＤＣＣ
4,46,4619,461925,ソフトフロッピー,ソフトフロツピ－
4,46,4619,461930,光ディスク,ヒカリデイスク
4,46,4619,461935,コンピュータメディア群,コンピユ－タメデイアグ
4,46,4619,461997,磁気テープ等その他,ジキテ－プトウソノタ
4,46,4621,462105,ルームエアコン,ル－ムエアコン
4,46,4621,462110,業務用エアコン,ギヨウムヨウエアコン
4,46,4621,462197,エアコン，空調その他,エアコン，クウチヨウソノタ
4,46,4623,462305,扇風機,センプウキ
4,46,4623,462310,冷風扇,レイフウセン
4,46,4623,462397,扇風機その他,センプウキソノタ
4,46,4625,462505,石油ストーブ,セキユスト－ブ
4,46,4625,462510,石油ファンヒーター,セキユフアンヒ－タ－
4,46,4625,462515,石油温風暖房機,セキユオンプウダンボウ
4,46,4625,462520,ガスストーブ,ガススト－ブ
4,46,4625,462525,ガスファンヒーター,ガスフアンヒ－タ－
4,46,4625,462597,全室暖房その他,ゼンシツダンボウソノタ
4,46,4627,462705,電子毛布,デンキモウフ
4,46,4627,462710,家具調ヤグラ,カグチヨウヤグラ
4,46,4627,462715,ヤグラコタツ,ヤグラコタツ
4,46,4627,462720,電子カーペット,デンシカ－ペツト
4,46,4627,462725,電気ストーブ,デンキスト－ブ
4,46,4627,462730,アンカ，カイロ,アンカ，カイロ
4,46,4627,462735,足温器,ソクオンキ
4,46,4627,462740,加湿器,カシツキ
4,46,4627,462745,部分暖房付属,ブブンダンボウフゾ
4,46,4627,462797,部分暖房その他,ブブンダンボウソノタ
4,46,4629,462905,湯沸器,ユワカシキ
4,46,4629,462910,ガステーブル,ガステ－ブル
4,46,4629,462915,ガス調理器,ガスチヨウリキ
4,46,4629,462920,換気扇,カンキセン
4,46,4629,462925,レンジフード,レンジフ－ド
4,46,4629,462930,食器乾燥機,シヨツキカンソウキ
4,46,4629,462935,食器洗機,シヨツキアライキ
4,46,4629,462997,厨房機器その他,チユウボウキキソノタ
4,46,4631,463105,電子レンジ,デンシレンジ
4,46,4631,463110,据付型オーブン,ソナエツケガタオ－ブン
4,46,4631,463115,ガスレンジ,ガスレンジ
4,46,4631,463120,電磁調理器,デンジチヨウリキ
4,46,4631,463197,レンジその他,レンジソノタ
4,46,4633,463305,ジューサーミキサー,ジユ－サ－ミキサ－
4,46,4633,463310,餅つき機,モチツキキ
4,46,4633,463315,ハンドミキサー,ハンドミキサ－
4,46,4633,463320,コーヒーミル,コ－ヒ－ミル
4,46,4633,463325,電気氷かき,デンキコオリカキ
4,46,4633,463330,シャープナー,シヤ－プナ－
4,46,4633,463397,回転調理器その他,カイテンチヨウリキソノタ
4,46,4635,463505,電気炊飯器,デンキスイハンキ
4,46,4635,463510,電子ジャー,デンシジヤ－
4,46,4635,463515,トースター,ト－スタ－
4,46,4635,463520,電気オ－ブン,デンキオ－ブン
4,46,4635,463525,コーヒーメーカー,コ－ヒ－メ－カ－
4,46,4635,463530,ホットプレート,ホツトプレ－ト
4,46,4635,463535,タイマースイッチ群,タイマ－スイツチグン
4,46,4635,463597,電熱調理器その他,デンネツチヨウリキソノタ
4,46,4637,463705,浄水器・整水器,ジヨウスイキ，セイスイキ
4,46,4637,463797,調理関連その他,チヨウリカンレンソノタ
4,46,4639,463905,冷蔵庫,レイゾウコ
4,46,4639,463910,冷凍庫,レイトウコ
4,46,4639,463915,ウオータークーラー,ウオ－タ－ク－ラ－
4,46,4639,463997,冷蔵機器その他,レイゾウキキソノタ
4,46,4641,464105,洗濯機,センタクキ
4,46,4641,464110,乾燥機,カンソウキ
4,46,4641,464115,フトン乾燥機,フトンカンソウキ
4,46,4641,464120,スタンド,スタンド
4,46,4641,464125,掃除機,ソウジキ
4,46,4641,464197,家事用品その他,カジヨウヒンソノタ
4,46,4643,464305,ヘアードライヤー,ヘア－ドライヤ－
4,46,4643,464310,ホットカーラー,ホツトカ－ラ－
4,46,4643,464315,電気カミソリ,デンキカミソリ
4,46,4643,464320,アイロン,アイロン
4,46,4643,464325,ズボンプレッサー,ズボンプレツサ－
4,46,4643,464397,理美容用品その他,リビヨウヨウヒンソノタ
4,46,4645,464505,マッサージ椅子,マツサ－ジイス
4,46,4645,464510,バイブレーター,バイブレ－タ－
4,46,4645,464515,補聴器,ホチヨウキ
4,46,4645,464520,体温計,タイオンケイ
4,46,4645,464530,血圧計,ケツアツケイ
4,46,4645,464535,低，高周波治療器,テイ，コウシユウハチリヨウキ
4,46,4645,464540,電気ハブラシ,デンキハブラシ
4,46,4645,464545,口腔洗浄機,コウクウセンジヨウキ
4,46,4645,464550,トレーニング器具,トレ－ニングキグ
4,46,4645,464555,ゴルフ練習機,ゴルフレンシユウキ
4,46,4645,464560,ホームサウナ,ホ－ムサウナ
4,46,4645,464565,温水洗浄便器,オンスイセンジヨウベンサ
4,46,4645,464597,健康医療機器その他,ケンコウイリヨウキキソノタ
4,46,4647,464705,ペンダント,ペンダント
4,46,4647,464710,シーリングライト,シ－リングライト
4,46,4647,464715,ブラケット,ブラケツト
4,46,4647,464720,シャンデリア,シヤンデリア
4,46,4647,464725,スタンド（フロアスタンドを含む）,スタンド
4,46,4647,464797,照明用品その他,シヨウメイヨウヒンソノタ
4,46,4649,464905,電卓,デンタク
4,46,4649,464910,電訳機,デンヤクキ
4,46,4649,464915,電子手帳,デンシテチヨウ
4,46,4649,464920,学用品,ガクヨウヒン
4,46,4649,464997,事務機・学用品その他,ジムキ．ガクヨウヒンソノ
4,46,4651,465105,時計,トケイ
4,46,4651,465110,カメラ,カメラ
4,46,4651,465197,時計・カメラその他,トケイ．カメラソノタ
4,46,4653,465305,ピアノ（家電メーカー）,ピアノ（カデンメ－カ－）
4,46,4653,465310,電子ピアノ（家電メーカー）,デンシピアノ（カデンメ
4,46,4653,465315,電子オルガン（家電メーカー）,デンシオルガン（カデン
4,46,4653,465320,シンセサイザー（家電メーカー）,シンセサイザ－（カデンメ
4,46,4653,465397,楽器その他,ガツキソノタ
4,46,4655,465505,パソコン,パソコン
4,46,4655,465510,電話機,デンワキ
4,46,4655,465515,ワ－プロ,ワ－プロ
4,46,4655,465520,複写機,フクシヤキ
4,46,4655,465525,ファクシミリ,フアクシミリ
4,46,4655,465597,ＯＡ機器その他,ＯＡキキソノタ
4,46,4657,465705,厨房設備,チユウボウセツビ
4,46,4657,465710,ポンプ,ポンプ
4,46,4657,465715,洗面用品,センメンヨウヒン
4,46,4657,465720,温水器,オンスイキ
4,46,4657,465725,インタホン，チャイム群,インタホン，チヤイムグン
4,46,4657,465797,住設用品その他,ジユウセツヨウヒンソノタ
4,46,4659,465905,電動工具,デンドウコウグ
4,46,4659,465910,園芸器具,エンゲイキグ
4,46,4659,465915,ポータブル電源群,ポ－タブルデンゲンク
4,46,4659,465997,大工・園芸品，レジャー用品その他,ダイク．エンゲイレジヤ
4,46,4661,466105,電池,デンチ
4,46,4661,466110,電球,デンキユウ
4,46,4661,466115,螢光ランプ,ケイコウランプ
4,46,4661,466120,配線器具,ハイセンキグ
4,46,4661,466125,フラッシュライト,フラツシユライト
4,46,4661,466130,電池クリーナー,デンチクリ－ナ－
4,46,4661,466197,消耗家電その他,シヨウモウカデンソノタ
4,46,4663,466305,剃刀の替刃,カミソリノカエバ
4,46,4663,466310,掃除機紙パック,ソウジキカミパツク
4,46,4663,466315,石油ストーブ芯,セキユスト－ブシン
4,46,4663,466320,換気扇フィルター,カンキセンフイルタ－
4,46,4663,466325,空気清浄器フィルター,クウキセイジヨウキフイルタ
4,46,4663,466330,プリンターリボン,プリンタ－リボン
4,46,4663,466335,ワープロ用紙,ワ－プロヨウシ
4,46,4663,466340,感熱紙,カンネツシ
4,46,4663,466345,ラベル,ラベル
4,46,4663,466350,浄水機カートリッジ,ジヨウスイキカ－トリツジ
4,46,4663,466397,消耗部品その他,シヨウモウブヒンソノタ
4,46,4697,469797,その他家電,ソノタカデン
4,49,4901,490101,絵画,カイガ
4,49,4901,490103,彫刻,チヨウコク
4,49,4901,490105,書跡及び典籍,シヨセキオヨビテンセキ
4,49,4901,490197,美術工芸品一般,ビジユツコウゲイヒンイ
4,49,4903,490301,ミシン,ミシン
4,49,4903,490310,ミシン関連品,ミシンカンレンヒン
4,49,4903,490397,ミシン一般,ミシンイツパン
4,49,4904,490401,貴金属,キキンゾク
4,49,4904,490410,貴金属関連品,キキンゾクカンレンヒン
4,49,4904,490497,貴金属一般,キキンゾクイツパン
4,49,4997,499797,その他一般耐久消費財,ソノタイツパンタイキユウシ
5,51,5101,510101,子供肌着,コドモハダギ
5,51,5101,510103,紳士肌着,シンシハダギ
5,51,5101,510105,婦人肌着,フジンハダギ
5,51,5101,510107,ランジェリー、ファンデーション,ランジエリ－，フアンデ－
5,51,5101,510109,ナイトウェア,ナイトウエア
5,51,5101,510111,子供靴下,コドモクツシタ
5,51,5101,510113,紳士靴下,シンシクツシタ
5,51,5101,510115,婦人靴下,フジンクツシタ
5,51,5101,510197,肌着・靴下一般,ハダギ，クツシタイツパ
5,51,5102,510201,ベビー用品,ベビ－ヨウヒン
5,51,5102,510203,幼児服,ヨウジフク
5,51,5102,510205,幼児洋品,ヨウジヨウヒン
5,51,5102,510207,男児服,ダンジフク
5,51,5102,510209,男児洋品,ダンジヨウヒン
5,51,5102,510211,女児服,ジヨジフク
5,51,5102,510213,女児洋品,ジヨジヨウヒン
5,51,5102,510215,スクール衣料,スク－ルイリヨウ
5,51,5102,510297,子供衣料一般,コドモイリヨウイツパン
5,51,5103,510301,紳士服,シンシフク
5,51,5103,510303,コート,コ－ト
5,51,5103,510305,上衣,ウワギ
5,51,5103,510307,セーター、ベスト,セ－タ－，ベスト
5,51,5103,510309,スラックス,スラツクス
5,51,5103,510311,ワイシャツ,ワイシヤツ
5,51,5103,510313,ワーキングウェア,ワ－キングウエア
5,51,5103,510397,紳士衣料一般,シンシイリヨウイツパン
5,51,5104,510401,婦人服,フジンフク
5,51,5104,510403,コート,コ－ト
5,51,5104,510405,スカート,スカ－ト
5,51,5104,510407,セーター、ブラウス,セ－タ－，ブラウス
5,51,5104,510409,スラックス,スラツクス
5,51,5104,510411,服地,フクジ
5,51,5104,510413,毛皮,ケガワ
5,51,5104,510415,用品,ヨウヒン
5,51,5104,510497,婦人衣料一般,フジンイリヨウイツパン
5,51,5105,510501,スキー,スキ－
5,51,5105,510503,テニス,テニス
5,51,5105,510505,ゴルフ,ゴルフ
5,51,5105,510507,マリーン,マリ－ン
5,51,5105,510509,フィットネス,フイツトネス
5,51,5105,510511,登山・ヘビーデューティー,トザン　ヘビ－デユ－テ
5,51,5105,510597,スポーツウェア一般,スポ－ツウエア　イツパン
5,51,5106,510601,絵羽,エバ
5,51,5106,510603,染着尺,ソメキジヤク
5,51,5106,510605,織着尺,オリキジヤク
5,51,5106,510607,帯,オビ
5,51,5106,510609,実用呉服,ジツヨウゴフク
5,51,5106,510611,小物、付属品,コモノ，フゾクヒン
5,51,5106,510613,喪装、裏地,モフク，ウラジ
5,51,5106,510615,コート,コ－ト
5,51,5106,510697,呉服一般,ゴフクイツパン
5,51,5107,510701,紳士略礼,シンシリヤクレイ
5,51,5107,510703,紳士礼服,シンシレイフク
5,51,5107,510705,紳士上衣、コート、スラックス,シンシウワギ，コ－ト，スラ
5,51,5107,510707,紳士シャツ他,シンシシヤツホカ
5,51,5107,510709,婦人,フジン
5,51,5107,510711,男児,ダンジ
5,51,5107,510713,女児,ジヨジ
5,51,5107,510715,小物,コモノ
5,51,5107,510797,フォーマル一般,フオ－マルイツパン
5,51,5108,510801,紳士デニムレギュラージーンズ,シンシデニムレギユラ－シ
5,51,5108,510803,紳士カラーレギュラージーンズ,シンシカラ－レギユラ－ジ
5,51,5108,510805,紳士その他のボトムス,シンシソノタノボトムス
5,51,5108,510807,紳士ジーンズトップス,シンシジ－ンズトツプス
5,51,5108,510809,婦人デニムレギュラージーンズ,フジンデニムレギユラ－
5,51,5108,510811,婦人カラーレギュラージーンズ,フジンカラ－レギユラ－シ
5,51,5108,510813,婦人その他のボトムス,フジンソノタノボトムス
5,51,5108,510815,婦人ジーンズトップス,フジンジ－ンズトツプ
5,51,5108,510817,子供ジーンズ,コドモジ－ンズ
5,51,5108,510819,子供ジーンズトップス,コドモジ－ンズトツプ
5,51,5108,510897,ジーンズ一般,ジ－ンズイツパン
5,51,5197,519797,その他一般衣料・衣服,イツパンイリヨウ，イフク
5,53,5301,530101,掛ふとん,カケフトン
5,53,5301,530103,敷ふとん,シキフトン
5,53,5301,530105,肌ふとん,ハダフトン
5,53,5301,530107,組ふとん,クミフトン
5,53,5301,530109,組座ふとん,クミザフトン
5,53,5301,530111,マットレス,マツトレス
5,53,5301,530113,まくら,マクラ
5,53,5301,530197,ふとん一般,フトンイツパン
5,53,5302,530201,純毛毛布,ジユンモウモウフ
5,53,5302,530203,合繊毛布,ゴウセンモウフ
5,53,5302,530205,綿毛布,メンモウフ
5,53,5302,530207,夜着毛布,ヤギモウフ
5,53,5302,530209,電気毛布,デンキモウフ
5,53,5302,530211,ひざ掛毛布,ヒザカケモウフ
5,53,5302,530297,毛布一般,モウフイツパン
5,53,5303,530301,掛カバー,カケカバ－
5,53,5303,530303,敷カバー,シキカバ－
5,53,5303,530305,肌カバー,ハダカバ－
5,53,5303,530307,毛布カバー,モウフカバ－
5,53,5303,530309,枕カバー,マクラカバ－
5,53,5303,530311,衿カバー,エリカバ－
5,53,5303,530313,シーツ,シ－ツ
5,53,5303,530397,カバー・シーツ一般,カバ－，シ－ツイツパン
5,53,5304,530401,ベッド用ふとん,ベツドヨウフトン
5,53,5304,530403,ベッドパット,ベツドパツト
5,53,5304,530405,ベッドスプレッド,ベツドスプレツド
5,53,5304,530407,ベッド用毛布,ベツドヨウモウフ
5,53,5304,530409,ベッド用タオルケット,ベツドヨウタオルケツト
5,53,5304,530411,ベッド用シーツ,ベツドヨウシ－ツ
5,53,5304,530413,ベッド用枕,ベツドヨウマクラ
5,53,5304,530415,ベッド,ベツド
5,53,5304,530497,ベッド用品一般,ベツドヨウヒンイツパン
5,53,5305,530501,コタツふとん,コタツフトン
5,53,5305,530503,コタツ敷ふとん,コタツシキフトン
5,53,5305,530505,コタツふとんカバー,コタツフトンカバ－
5,53,5305,530507,コタツ上掛,コタツウワカケ
5,53,5305,530509,コタツ毛布,コタツモウフ
5,53,5305,530511,暖卓・天板,コタツ，テ－ブル
5,53,5305,530513,座いす,ザイス
5,53,5305,530515,座ぶとん,ザブトン
5,53,5305,530517,座布団カバー,ザブトンカバ－
5,53,5305,530597,コタツ用品一般,コタツヨウヒンイツパン
5,53,5306,530601,ベビー組ふとん,ベビ－クミフトン
5,53,5306,530603,ベビー掛ふとん,ベビ－カケフトン
5,53,5306,530605,ベビー敷ふとん,ベビ－シキフトン
5,53,5306,530607,ベビー肌ふとん,ベビ－ハダフトン
5,53,5306,530609,ベビー毛布,ベビ－モウフ
5,53,5306,530611,ベビータオルケット,ベビ－タオルケツト
5,53,5306,530613,ベビー用カバーシーツ,ベビ－ヨウカバ－シ－ツ
5,53,5306,530615,ベビー枕,ベビ－マクラ
5,53,5306,530617,ベビーベッド,ベビ－ベツド
5,53,5306,530697,ベビー寝具一般,ベビ－シングイツパン
5,53,5307,530701,パジャマ,パジヤマ
5,53,5307,530703,ネグリジェ,ネグリジエ
5,53,5307,530705,ガウン,ガウン
5,53,5307,530707,ロープ,ロ－プ
5,53,5307,530709,ねまき,ネマキ
5,53,5307,530711,ポンチョ,ポンチヨ
5,53,5307,530713,甚平,ジンベ
5,53,5307,530797,寝装品一般,シンソウヒンイツパン
5,53,5308,530801,バスタオル,バスタオル
5,53,5308,530803,フェイスタオル,フエイスタオル
5,53,5308,530805,ハンドタオル,ハンドタオル
5,53,5308,530807,スポーツタオル,スポ－ツタオル
5,53,5308,530809,バスローブ,バスロ－ブ
5,53,5308,530811,トイレ用品,トイレヨウヒン
5,53,5308,530813,タオルケット,タオルケツト
5,53,5308,530897,タオル製品一般,タオルセイヒンイツパン
5,53,5309,530901,カーテン・ブラインド,カ－テン，ブラインド
5,53,5309,530903,カーペット・敷物類,カ－ペツト，シキモノルイ
5,53,5309,530905,マット・ラグ,マツト，ラグ
5,53,5309,530907,クッション,クツシヨン
5,53,5309,530909,インテリア雑貨,インテリアザツカ
5,53,5309,530911,ダイニング・キッチン用品,ダイニング，キツチンヨウ
5,53,5309,530913,バス用品,バスヨウヒン
5,53,5309,530915,壁材,カベザイ
5,53,5309,530997,室内用品一般,シツナイヨウヒンイツパン
5,53,5397,539797,その他一般寝具・寝装品,ソノタイツパンシング，シ
5,54,5401,540101,ハンカチーフ,ハンカチ－フ
5,54,5401,540103,マフラー・スカーフ,マフラ－　スカ－フ
5,54,5401,540105,ネクタイ,ネクタイ
5,54,5401,540107,蝶ネクタイ・アスコット・ループタイ,チヨウネクタイ　アスコツト
5,54,5401,540109,ベルト・サスペンダー,ベルト　サスペンダ－
5,54,5401,540111,手袋,テブクロ
5,54,5401,540113,帽子,ボウシ
5,54,5401,540197,子供服飾一般,コドモ　フクシヨク　イツハ
5,54,5402,540201,ハンカチーフ,ハンカチ－フ
5,54,5402,540203,マフラー・スカーフ,マフラ－　スカ－フ
5,54,5402,540205,ネクタイ,ネクタイ
5,54,5402,540207,蝶ネクタイ・アスコット・ループタイ,チヨウネクタイ　アスコツト
5,54,5402,540209,ベルト・サスペンダー,ベルト　サスペンダ－
5,54,5402,540211,手袋,テブクロ
5,54,5402,540213,帽子,ボウシ
5,54,5402,540297,紳子服飾一般,シンシ　フクシヨク　イツパ
5,54,5403,540301,ハンカチーフ,ハンカチ－フ
5,54,5403,540303,マフラー・スカーフ,マフラ－　スカ－フ
5,54,5403,540305,ネクタイ,ネクタイ
5,54,5403,540307,蝶ネクタイ・アスコット・ループタイ,チヨウネクタイ
5,54,5403,540309,ベルト・サスペンダー,ベルト　サスペンダ－
5,54,5403,540311,手袋,テブクロ
5,54,5403,540313,帽子,ボウシ
5,54,5403,540397,婦人服飾一般,フジン　フクシヨク　イツハ
5,54,5404,540401,帯どめ,オビドメ
5,54,5404,540403,帯あげ,オビアゲ
5,54,5404,540405,腰ひも・だて巻,コシヒモ，ダテマキ
5,54,5404,540407,羽織ひも,ハオリヒモ
5,54,5404,540409,半えり,ハンエリ
5,54,5404,540411,すそよけ（けだし）,スソヨケ（ケダシ）
5,54,5404,540497,和装用身の回り品一般,ワソウヨウミノマワリヒンイツ
5,54,5405,540501,ハンドバッグ,ハンドバツグ
5,54,5405,540503,小物入れ,コモノイレ
5,54,5405,540505,ファッションバッグ,フアツシヨンバツグ
5,54,5405,540597,袋物一般,フクロモノイツパン
5,54,5406,540601,旅行用カバン,リヨコウヨウカバン
5,54,5406,540603,事務用かばん,ジムヨウカバン
5,54,5406,540605,学生かばん,ガクセイカバン
5,54,5406,540607,スポーツ・レジャー用かばん,スポ－ツ，レジヤ－ヨウカ
5,54,5406,540609,楽器用ケース,ガツキヨウケ－ス
5,54,5406,540611,光学機器・ラジオ用ケース,コウガクキキ，ラジオヨウ
5,54,5406,540613,職業用かばん,シヨクギヨウヨウカバン
5,54,5406,540697,かばん一般,カバンイツパン
5,54,5407,540701,和がさ,ワガサ
5,54,5407,540703,洋傘,ヨウガサ
5,54,5407,540705,つえ（ステッキ）,ツエ（ステツキ）
5,54,5407,540797,かさ・つえ一般,カサ，ツエイツパン
5,54,5408,540801,扇子,センス
5,54,5408,540803,うちわ,ウチワ
5,54,5408,540805,扇子・うちわの部品,センス，ウチワノブヒン
5,54,5408,540897,扇子・うちわ一般,センス，ウチワイツパン
5,54,5409,540901,指輪,ユビワ
5,54,5409,540903,ネックレス,ネツクレス
5,54,5409,540905,イヤリング,イヤリング
5,54,5409,540907,ブレスレット類,ブレスレツトルイ
5,54,5409,540909,ペンダント,ペンダント
5,54,5409,540911,ブローチ、ハットピン類,ブロ－チ，ハツトピンルイ
5,54,5409,540913,カラーボタン類,カラ－ボタンルイ
5,54,5409,540915,頭・髪飾り,アタマ，カミカザリ
5,54,5409,540997,装身具一般,ソウシングイツパン
5,54,5497,549701,衛生衣服附属品,エイセイイフクフゾクヒン
5,54,5497,549703,レギンス,レギンス
5,54,5497,549705,財布類,サイフ
5,54,5497,549707,喫煙具,キツエング
5,54,5497,549797,その他一般身の回り品,ソノタイツパンミノマワリヒ
5,55,5501,550101,シューズ,シユ－ズ
5,55,5501,550104,ブーツ,ブ－ツ
5,55,5501,550107,サンダル,サンダル
5,55,5501,550109,その他靴,ソノタ　クツ
5,55,5502,550210,チャイルドシューズ,チヤイルド　シユ－ズ
5,55,5502,550211,ジュニアシューズ,ジユニア　シユ－ズ
5,55,5502,550212,パンプス,パンプス
5,55,5502,550213,シューズ,シユ－ズ
5,55,5502,550214,ブーツ,ブ－ツ
5,55,5502,550216,スポーツシューズ,スポ－ツ　シユ－ズ
5,55,5502,550217,サンダル,サンダル
5,55,5502,550218,ヘップサンダル,ヘツプ　サンダル
5,55,5502,550219,その他靴,ソノタ　クツ
5,55,5503,550320,チャイルドシューズ,チヤイルド　シユ－ズ
5,55,5503,550321,ジュニアシューズ,ジユニア　シユ－ズ
5,55,5503,550323,スクールシューズ,スク－ル　シユ－ズ
5,55,5503,550324,ウインターシューズ,ウインタ－　シユ－ズ
5,55,5503,550325,レインシューズ,レイン　シユ－ズ
5,55,5503,550326,スポーツシューズ,スポ－ツ　シユ－ズ
5,55,5503,550327,サンダル,サンダル
5,55,5503,550329,その他靴,ソノタ　クツ
5,55,5504,550430,レース（革底）,レ－ス
5,55,5504,550431,レース,レ－ス
5,55,5504,550432,スリポン（革底）,スリポン
5,55,5504,550433,スリポン,スリポン
5,55,5504,550434,ブーツ（革底）,ブ－ツ
5,55,5504,550435,ブーツ,ブ－ツ
5,55,5504,550436,スポーツシューズ,スポ－ツ　シユ－ズ
5,55,5504,550437,サンダル,サンダル
5,55,5504,550439,その他靴,ソノタ　クツ
5,55,5505,550541,レース,レ－ス
5,55,5505,550543,スリポン,スリポン
5,55,5505,550544,ブーツ,ブ－ツ
5,55,5505,550546,スポーツシューズ,スポ－ツ　シユ－ズ
5,55,5505,550547,サンダル,サンダル
5,55,5505,550548,ヘップサンダル,ヘツプ　サンダル
5,55,5505,550549,その他靴,ソノタ　クツ
5,55,5506,550651,スタンダードカジュアルシューズ,スタンダ－ド　カジユア
5,55,5506,550654,ウインターシューズ,ウインタ－　シユ－ズ
5,55,5506,550655,レインシューズ,レイン　シユ－ズ
5,55,5506,550656,スポーツシューズ,スポ－ツ　シユ－ズ
5,55,5506,550659,その他靴,ソノタ　クツ
5,55,5507,550762,パンプス,パンプス
5,55,5507,550763,シューズ,シユ－ズ
5,55,5507,550764,ブーツ,ブ－ツ
5,55,5507,550766,スポーツシューズ,スポ－ツ　シユ－ズ
5,55,5507,550767,サンダル,サンダル
5,55,5507,550769,その他靴,ソノタ　クツ
5,55,5508,550872,パンプス,パンプス
5,55,5508,550873,シューズ,シユ－ズ
5,55,5508,550874,ブーツ,ブ－ツ
5,55,5508,550875,レイン　シューズ,レイン　シユ－ズ
5,55,5508,550876,スポーツシューズ,スポ－ツ　シユ－ズ
5,55,5508,550877,サンダル,サンダル
5,55,5508,550878,ヘップサンダル,ヘツプサンダル
5,55,5508,550879,その他靴,ソノタ　クツ
5,55,5509,550981,スタンダードカジュアルシューズ,スタンダ－ド　カジユア
5,55,5509,550984,ウインターシューズ,ウインタ－　シユ－ズ
5,55,5509,550985,レイン　シューズ,レイン　シユ－ズ
5,55,5509,550986,スポーツシューズ,スポ－ツ　シユ－ズ
5,55,5509,550989,その他靴,ソノタ　クツ
5,55,5510,551090,付属品,フゾクヒン
5,55,5510,551091,ルームシューズ,ル－ム　シユ－ズ
5,55,5510,551092,スリッパ,スリツパ
5,55,5510,551093,下駄　草履,ゲタ　ゾ－リ
5,55,5510,551094,安全靴,アンゼン　グツ
5,55,5510,551095,作業靴　地下足袋,サギヨウグツ　ジカタヒ
5,55,5510,551096,スポーツ専用,スポ－ツ　センヨウ
5,55,5510,551097,ビーチサンダル・フィッティング,ビ－チサンダル，フイツテ
5,55,5510,551099,その他靴,ソノタ　クツ
5,56,5601,560101,野球　バッグ・ケース,ヤキユウバツグ，ケース
5,56,5601,560103,野球　ボール,ヤキユウボール
5,56,5601,560105,野球　グラブ,ヤキユウグラブ
5,56,5601,560106,野球　手袋,ヤキユウテブクロ
5,56,5601,560107,野球　バット,ヤキユウバツト
5,56,5601,560109,野球　防具,ヤキユウボウグ
5,56,5601,560145,野球　その他グッズ,ヤキユウソノタグツズ
5,56,5601,560147,野球　シューズ,ヤキユウシユーズ
5,56,5601,560148,野球　シューズアクセサリー,ヤキユウシユーズアクセサリ
5,56,5601,560151,野球　トレーニングウェア,ヤキユウトレーニングウエア
5,56,5601,560153,野球　ウインドブレーカー,ヤキユウウインドブレーカ
5,56,5601,560155,野球　スウエット,ヤキユウスウエツト
5,56,5601,560157,野球　ユニフォーム,ヤキユウユニフオーム
5,56,5601,560159,野球　トレーナー・Ｔシャツ,ヤキユウトレーナー，Ｔシヤツ
5,56,5601,560172,野球　アンダーウエア,ヤキユウアンダーウエア
5,56,5601,560188,野球　アクセサリー,ヤキユウアクセサリー
5,56,5601,560189,野球　その他ウェア,ヤキユウソノタウエア
5,56,5601,560197,野球　その他,ヤキユウソノタ
5,56,5602,560201,ソフトボール　バッグ・ケース,ソフトボールバツグ，ケ
5,56,5602,560203,ソフトボール　ボール,ソフトボールボール
5,56,5602,560205,ソフトボール　グラブ,ソフトボールグラブ
5,56,5602,560206,ソフトボール　手袋,ソフトボールテブクロ
5,56,5602,560207,ソフトボール　バット,ソフトボールバツト
5,56,5602,560209,ソフトボール　防具,ソフトボールボウグ
5,56,5602,560245,ソフトボール　その他グッズ,ソフトボールソノタグツス
5,56,5602,560247,ソフトボール　シューズ,ソフトボールシユーズ
5,56,5602,560248,ソフトボール　シューズアクセサリー,ソフトボールシユーズアク
5,56,5602,560251,ソフトボール　トレーニングウェア,ソフトボールトレーニング
5,56,5602,560253,ソフトボール　ウインドブレーカー,ソフトボールウインドブ
5,56,5602,560255,ソフトボール　スウエット,ソフトボールスウエツト
5,56,5602,560257,ソフトボール　ユニフォーム,ソフトボールユニフオーム
5,56,5602,560259,ソフトボール　トレーナー・Ｔシャツ,ソフトボールトレーナー，Ｔ
5,56,5602,560272,ソフトボール　アンダーウエア,ソフトボールアンダーウエ
5,56,5602,560288,ソフトボール　アクセサリー,ソフトボールアクセサリー
5,56,5602,560289,ソフトボール　その他ウェア,ソフトボールソノタウエア
5,56,5602,560297,ソフトボール　その他,ソフトボールソノタ
5,56,5610,561001,バスケットボール　バッグ・ケース,バスケツトボールバツク
5,56,5610,561003,バスケットボール　ボール,バスケツトボールボール
5,56,5610,561045,バスケットボール　その他グッズ,バスケツトボールソノタク
5,56,5610,561047,バスケットボール　シューズ,バスケツトボールシユース
5,56,5610,561048,バスケットボール　シューズアクセサリー,バスケツトボールシユース
5,56,5610,561051,バスケットボール　トレーニングウェア,バスケツトボールトレーニ
5,56,5610,561053,バスケットボール　ウインドブレーカー,バスケツトボールウイント
5,56,5610,561055,バスケットボール　スウエット,バスケツトボールスウエツ
5,56,5610,561057,バスケットボール　ゲームウェア,バスケツトボールゲーム
5,56,5610,561059,バスケットボール　トレーナー・Ｔシャツ,バスケツトボールトレーナ
5,56,5610,561072,バスケットボール　アンダーウエア,バスケツトボールアンダ
5,56,5610,561088,バスケットボール　アクセサリー,バスケツトボールアクセサ
5,56,5610,561089,バスケットボール　その他ウェア,バスケツトボールソノタウ
5,56,5610,561097,バスケットボール　その他,バスケツトボールソノタ
5,56,5611,561101,バレーボール　バッグ・ケース,バレーボールバツグ，
5,56,5611,561103,バレーボール　ボール,バレーボールボール
5,56,5611,561145,バレーボール　その他グッズ,バレーボールソノタグツ
5,56,5611,561147,バレーボール　シューズ,バレーボールシユーズ
5,56,5611,561148,バレーボール　シューズアクセサリー,バレーボールシユーズア
5,56,5611,561151,バレーボール　トレーニングウェア,バレーボールトレーニンク
5,56,5611,561153,バレーボール　ウインドブレーカー,バレーボールウインドフ
5,56,5611,561155,バレーボール　スウエット,バレーボールスウエツト
5,56,5611,561157,バレーボール　ゲームウェア,バレーボールゲームウエ
5,56,5611,561159,バレーボール　トレーナー・Ｔシャツ,バレーボールトレーナー，
5,56,5611,561172,バレーボール　アンダーウエア,バレーボールアンダーウ
5,56,5611,561188,バレーボール　アクセサリー,バレーボールアクセサリー
5,56,5611,561189,バレーボール　その他ウェア,バレーボールソノタウエア
5,56,5611,561197,バレーボール　その他,バレーボールソノタ
5,56,5612,561201,ラグビー　バッグ・ケース,ラグビーバツグ，ケー
5,56,5612,561203,ラグビー　ボール,ラグビーボール
5,56,5612,561209,ラグビー　防具,ラグビーボウグ
5,56,5612,561245,ラグビー　その他グッズ,ラグビーソノタグツズ
5,56,5612,561247,ラグビー　シューズ,ラグビーシユーズ
5,56,5612,561248,ラグビー　シューズアクセサリー,ラグビーシユーズアクセ
5,56,5612,561251,ラグビー　トレーニングウェア,ラグビートレーニングウ
5,56,5612,561253,ラグビー　ウインドブレーカー,ラグビーウインドブレ
5,56,5612,561255,ラグビー　スウエット,ラグビースウエツト
5,56,5612,561257,ラグビー　ゲームウェア,ラグビーゲームウエア
5,56,5612,561259,ラグビー　トレーナー・Ｔシャツ,ラグビートレーナー，Ｔシ
5,56,5612,561272,ラグビー　アンダーウエア,ラグビーアンダーウエア
5,56,5612,561288,ラグビー　アクセサリー,ラグビーアクセサリー
5,56,5612,561289,ラグビー　その他ウェア,ラグビーソノタウエア
5,56,5612,561297,ラグビー　その他,ラグビーソノタ
5,56,5613,561301,サッカー　バッグ・ケース,サツカーバツグ，ケース
5,56,5613,561303,サッカー　ボール,サツカーボール
5,56,5613,561305,サッカー　キーパーグローブ,サツカーキーパーグローフ
5,56,5613,561309,サッカー　シンガード,サツカーシンガード
5,56,5613,561345,サッカー　その他グッズ,サツカーソノタグツズ
5,56,5613,561347,サッカー　シューズ,サツカーシユーズ
5,56,5613,561348,サッカー　シューズアクセサリー,サツカーシユーズアクセサリ
5,56,5613,561351,サッカー　トレーニングウェア,サツカートレーニングウエア
5,56,5613,561353,サッカー　ウインドブレーカー,サツカーウインドブレーカ
5,56,5613,561355,サッカー　スウエット,サツカースウエツト
5,56,5613,561357,サッカー　ゲームウェア,サツカーゲームウエア
5,56,5613,561359,サッカー　トレーナー・Ｔシャツ,サツカートレーナー，Ｔシヤ
5,56,5613,561372,サッカー　アンダーウエア,サツカーアンダーウエア
5,56,5613,561388,サッカー　アクセサリー,サツカーアクセサリー
5,56,5613,561389,サッカー　その他ウェア,サツカーソノタウエア
5,56,5613,561397,サッカー　その他,サツカーソノタ
5,56,5614,561401,アメフト　バッグ・ケース,アメフトバツグ，ケース
5,56,5614,561403,アメフト　ボール,アメフトボール
5,56,5614,561409,アメフト　防具,アメフトボウグ
5,56,5614,561445,アメフト　その他グッズ,アメフトソノタグツズ
5,56,5614,561447,アメフト　シューズ,アメフトシユーズ
5,56,5614,561448,アメフト　シューズアクセサリー,アメフトシユーズアクセサリ
5,56,5614,561451,アメフト　トレーニングウェア,アメフトトレーニングウエア
5,56,5614,561453,アメフト　ウインドブレーカー,アメフトウインドブレーカ
5,56,5614,561455,アメフト　スウエット,アメフトスウエツト
5,56,5614,561457,アメフト　ゲームウェア,アメフトゲームウエア
5,56,5614,561459,アメフト　トレーナー・Ｔシャツ,アメフトトレーナー，Ｔシヤ
5,56,5614,561472,アメフト　アンダーウエア,アメフトアンダーウエア
5,56,5614,561488,アメフト　アクセサリー,アメフトアクセサリー
5,56,5614,561489,アメフト　その他ウェア,アメフトソノタウエア
5,56,5614,561497,アメフト　その他,アメフトソノタ
5,56,5615,561501,ハンドボール　バッグ・ケース,ハンドボールバツグ，
5,56,5615,561503,ハンドボール　ボール,ハンドボールボール
5,56,5615,561545,ハンドボール　その他グッズ,ハンドボールソノタグツ
5,56,5615,561547,ハンドボール　シューズ,ハンドボールシユーズ
5,56,5615,561548,ハンドボール　シューズアクセサリー,ハンドボールシユーズア
5,56,5615,561551,ハンドボール　トレーニングウェア,ハンドボールトレーニンク
5,56,5615,561553,ハンドボール　ウインドブレーカー,ハンドボールウインドフ
5,56,5615,561555,ハンドボール　スウエット,ハンドボールスウエツト
5,56,5615,561557,ハンドボール　ゲームウェア,ハンドボールゲームウエ
5,56,5615,561559,ハンドボール　トレーナー・Ｔシャツ,ハンドボールトレーナー，
5,56,5615,561572,ハンドボール　アンダーウエア,ハンドボールアンダーウ
5,56,5615,561588,ハンドボール　アクセサリー,ハンドボールアクセサリー
5,56,5615,561589,ハンドボール　その他ウェア,ハンドボールソノタウエア
5,56,5615,561597,ハンドボール　その他,ハンドボールソノタ
5,56,5616,561601,フットサル　バッグ・ケース,フットサルバツグ，ケース
5,56,5616,561603,フットサル　ボール,フットサルボール
5,56,5616,561605,フットサル　キーパーグローブ,フットサルキーパーグロー
5,56,5616,561609,フットサル　シンガード,フットサルシンガード
5,56,5616,561645,フットサル　その他グッズ,フットサルソノタグツズ
5,56,5616,561647,フットサル　シューズ,フットサルシユーズ
5,56,5616,561648,フットサル　シューズアクセサリー,フットサルシユーズアクセサ
5,56,5616,561651,フットサル　トレーニングウェア,フットサルトレーニングウエ
5,56,5616,561653,フットサル　ウインドブレーカー,フットサルウインドブレー
5,56,5616,561655,フットサル　スウエット,フットサルスウエツト
5,56,5616,561657,フットサル　ゲームウェア,フットサルゲームウエア
5,56,5616,561659,フットサル　トレーナー・Ｔシャツ,フットサルトレーナー，Ｔシヤ
5,56,5616,561672,フットサル　アンダーウエア,フットサルアンダーウエア
5,56,5616,561688,フットサル　アクセサリー,フットサルアクセサリー
5,56,5616,561689,フットサル　その他ウェア,フットサルソノタウエア
5,56,5616,561697,フットサル　その他,フットサルソノタ
5,56,5618,561801,球技スポーツその他　バッグ・ケース,キユウギスポーツソノタハ
5,56,5618,561803,球技スポーツその他　ボール,キユウギスポーツソノタホ
5,56,5618,561806,球技スポーツその他　手袋,キユウギスポーツテブク
5,56,5618,561845,球技スポーツその他　その他グッズ,キユウギスポーツソノタソ
5,56,5618,561847,球技スポーツその他　シューズ,キユウギスポーツソノタシ
5,56,5618,561848,球技スポーツその他　シューズアクセサリー,キユウギスポーツシユース
5,56,5618,561851,球技スポーツその他　トレーニングウェア,キユウギスポーツソノタト
5,56,5618,561853,球技スポーツその他　ウインドブレーカー,キユウギスポーツソノタウ
5,56,5618,561855,球技スポーツその他　スウエット,キユウギスポーツソノタス
5,56,5618,561857,球技スポーツその他　ゲームウェア,キユウギスポーツソノタケ
5,56,5618,561859,球技スポーツその他　トレーナー・Ｔシャツ,キユウギスポーツソノタト
5,56,5618,561872,球技スポーツその他　アンダーウエア,キユウギスポーツアンダ
5,56,5618,561888,球技スポーツその他　アクセサリー,キユウギスポーツソノタア
5,56,5618,561889,球技スポーツその他　その他ウェア,キユウギスポーツソノタソ
5,56,5618,561897,球技スポーツその他　その他,キユウギスポーツソノタキ
5,56,5620,562001,陸上　バッグ・ケース,リクジヨウバツグ，ケー
5,56,5620,562012,陸上　フィールド用品,リクジヨウフイールドヨウ
5,56,5620,562014,陸上　トラック用品,リクジヨウトラツクヨウヒン
5,56,5620,562045,陸上　その他グッズ,リクジヨウソノタグツズ
5,56,5620,562047,陸上　シューズ,リクジヨウシユーズ
5,56,5620,562048,陸上　シューズアクセサリー,リクジヨウシユーズアクセ
5,56,5620,562051,陸上　トレーニングウェア,リクジヨウトレーニングウ
5,56,5620,562053,陸上　ウインドブレーカー,リクジヨウウインドブレ
5,56,5620,562055,陸上　スウエット,リクジヨウスウエツト
5,56,5620,562057,陸上　ゲームウェア,リクジヨウゲームウエア
5,56,5620,562059,陸上　トレーナー・Ｔシャツ,リクジヨウトレーナー，Ｔシ
5,56,5620,562072,陸上　アンダーウエア,リクジヨウアンダーウエア
5,56,5620,562088,陸上　アクセサリー,リクジヨウアクセサリー
5,56,5620,562089,陸上　その他ウェア,リクジヨウソノタウエア
5,56,5620,562097,陸上　その他,リクジヨウソノタ
5,56,5621,562101,体操（新体操含む）　バッグ・ケース,タイソウバツグ，ケース
5,56,5621,562103,体操（新体操含む）　ボール,タイソウボール
5,56,5621,562109,体操（新体操含む）　防具,タイソウボウグ
5,56,5621,562116,体操（新体操含む）　競技器具,タイソウキヨウギキグ
5,56,5621,562145,体操（新体操含む）　その他グッズ,タイソウソノタグツズ
5,56,5621,562147,体操（新体操含む）　シューズ,タイソウシユーズ
5,56,5621,562148,体操（新体操含む）　シューズアクセサリー,タイソウシユーズアクセサリ
5,56,5621,562151,体操（新体操含む）　トレーニングウェア,タイソウトレーニングウエア
5,56,5621,562153,体操（新体操含む）　ウインドブレーカー,タイソウウインドブレーカ
5,56,5621,562155,体操（新体操含む）　スウエット,タイソウスウエツ
5,56,5621,562157,体操（新体操含む）　ゲームウェア,タイソウゲームウエア
5,56,5621,562159,体操（新体操含む）　トレーナー・Ｔシャツ,タイソウトレーナ，Ｔシヤツ
5,56,5621,562172,体操（新体操含む）　アンダーウエア,タイソウアンダーウエア
5,56,5621,562188,体操（新体操含む）　アクセサリー,タイソウアクセサリー
5,56,5621,562189,体操（新体操含む）　その他ウェア,タイソウソノタウエア
5,56,5621,562197,体操（新体操含む）　その他,タイソウソノタ
5,56,5622,562201,水泳　バッグ・ケース,スイエイバツグ，ケース
5,56,5622,562203,水泳　ボール,スイエイボール
5,56,5622,562205,水泳　手袋,スイエイテブクロ
5,56,5622,562209,水泳　防具,スイエイボウグ
5,56,5622,562245,水泳　その他グッズ,スイエイソノタグツズ
5,56,5622,562247,水泳　シューズ,スイエイシユーズ
5,56,5622,562248,水泳　シューズアクセサリー,スイエイシユーズアクセサリ
5,56,5622,562251,水泳　トレーニングウェア,スイエイトレーニングウエア
5,56,5622,562253,水泳　ウインドブレーカー,スイエイウインドブレーカ
5,56,5622,562255,水泳　スウエット,スイエイスウエツト
5,56,5622,562257,水泳　競泳着,スイエイキヨウエイギ
5,56,5622,562258,水泳　水着（競泳着除く）,スイエイミズギ
5,56,5622,562259,水泳　トレーナー・Ｔシャツ,スイエイトレーナー，Ｔシヤツ
5,56,5622,562272,水泳　アンダーウエア,スイエイアンダーウエア
5,56,5622,562288,水泳　アクセサリー,スイエイアクセサリー
5,56,5622,562289,水泳　その他ウェア,スイエイソノタウエア
5,56,5622,562297,水泳　その他,スイエイソノタ
5,56,5630,563001,テニス　バッグ・ケース,テニスバツグ，ケース
5,56,5630,563003,テニス　ボール,テニスボール
5,56,5630,563006,テニス　手袋,テニステブクロ
5,56,5630,563007,テニス　ラケット,テニスラケツト
5,56,5630,563011,テニス　ガット,テニスガツト
5,56,5630,563045,テニス　その他グッズ,テニスソノタグツズ
5,56,5630,563047,テニス　シューズ,テニスシユーズ
5,56,5630,563048,テニス　シューズアクセサリー,テニスシユーズアクセサリー
5,56,5630,563051,テニス　トレーニングウェア,テニストレーニングウエア
5,56,5630,563053,テニス　ウインドブレーカー,テニスウインドブレーカー
5,56,5630,563055,テニス　スウエット,テニススウエツト
5,56,5630,563057,テニス　ゲームウェア,テニスゲームウエア
5,56,5630,563059,テニス　トレーナー・Ｔシャツ,テニストレーナー，Ｔシヤツ
5,56,5630,563072,テニス　アンダーウエア,テニスアンダーウエア
5,56,5630,563088,テニス　アクセサリー,テニスアクセサリー
5,56,5630,563089,テニス　その他ウェア,テニスソノタウエア
5,56,5630,563097,テニス　その他,テニスソノタ
5,56,5631,563101,卓球　バッグ・ケース,タツキユウバツグ，ケース
5,56,5631,563103,卓球　ボール,タツキユウボール
5,56,5631,563107,卓球　ラケット,タツキユウラケツト
5,56,5631,563111,卓球　ラバー,タツキユウラバー
5,56,5631,563145,卓球　その他グッズ,タツキユウソノタグツズ
5,56,5631,563147,卓球　シューズ,タツキユウシユーズ
5,56,5631,563148,卓球　シューズアクセサリー,タツキユウシユーズアクセサ
5,56,5631,563151,卓球　トレーニングウェア,タツキユウトレーニングウエ
5,56,5631,563153,卓球　ウインドブレーカー,タツキユウウインドブレー
5,56,5631,563155,卓球　スウエット,タツキユウスウエツト
5,56,5631,563157,卓球　ゲームウェア,タツキユウゲームウエア
5,56,5631,563159,卓球　トレーナー・Ｔシャツ,タツキユウトレーナー，Ｔシヤ
5,56,5631,563172,卓球　アンダーウエア,タツキユウアンダーウエア
5,56,5631,563188,卓球　アクセサリー,タツキユウアクセサリー
5,56,5631,563189,卓球　その他ウェア,タツキユウソノタウエア
5,56,5631,563197,卓球　その他,タツキユウソノタ
5,56,5632,563201,バドミントン　バッグ・ケース,バドミントンバツグ，
5,56,5632,563203,バドミントン　シャトルコック,バドミントンシヤトルコツ
5,56,5632,563207,バドミントン　ラケット,バドミントンラケツト
5,56,5632,563211,バドミントン　ガット,バドミントンガツト
5,56,5632,563245,バドミントン　その他グッズ,バドミントンソノタグツ
5,56,5632,563247,バドミントン　シューズ,バドミントンシユーズ
5,56,5632,563248,バドミントン　シューズアクセサリー,バドミントンシユーズア
5,56,5632,563251,バドミントン　トレーニングウェア,バドミントントレーニンク
5,56,5632,563253,バドミントン　ウインドブレーカー,バドミントンウインドフ
5,56,5632,563255,バドミントン　スウエット,バドミントンスウエツト
5,56,5632,563257,バドミントン　ゲームウェア,バドミントンゲームウエ
5,56,5632,563259,バドミントン　トレーナー・Ｔシャツ,バドミントントレーナー，
5,56,5632,563272,バドミントン　アンダーウエア,バドミントンアンダーウ
5,56,5632,563288,バドミントン　アクセサリー,バドミントンアクセサリー
5,56,5632,563289,バドミントン　その他ウェア,バドミントンソノタウエア
5,56,5632,563297,バドミントン　その他,バドミントンソノタ
5,56,5640,564001,ゴルフ　バッグ・ケース,ゴルフバツグ，ケース
5,56,5640,564003,ゴルフ　ボール,ゴルフボール
5,56,5640,564006,ゴルフ　手袋,ゴルフテブクロ
5,56,5640,564013,ゴルフ　ウッドクラブ,ゴルフウツドクラブ
5,56,5640,564015,ゴルフ　アイアンクラブ,ゴルフアイアンクラブ
5,56,5640,564017,ゴルフ　パター,ゴルフパター
5,56,5640,564019,ゴルフ　キャディバッグ,ゴルフキヤデイバツグ
5,56,5640,564045,ゴルフ　その他グッズ,ゴルフソノタグツズ
5,56,5640,564047,ゴルフ　シューズ,ゴルフシユーズ
5,56,5640,564048,ゴルフ　シューズアクセサリー,ゴルフシユーズアクセサリ
5,56,5640,564051,ゴルフ　ポロシャツ,ゴルフポロシヤツ
5,56,5640,564053,ゴルフ　ウインドブレーカー,ゴルフウインドブレーカ
5,56,5640,564055,ゴルフ　スウエット,ゴルフスウエツト
5,56,5640,564057,ゴルフ　シャツ・セーター,ゴルフシヤツ，セーター
5,56,5640,564059,ゴルフ　トレーナー・Ｔシャツ,ゴルフトレーナー，Ｔシヤツ
5,56,5640,564060,ゴルフ　スラックス,ゴルフスラツクス
5,56,5640,564061,ゴルフ　スカート,ゴルフスカート
5,56,5640,564072,ゴルフ　アンダーウエア,ゴルフアンダーウエア
5,56,5640,564088,ゴルフ　アクセサリー,ゴルフアクセサリー
5,56,5640,564089,ゴルフ　その他ウェア,ゴルフソノタウエア
5,56,5640,564097,ゴルフ　その他,ゴルフソノタ
5,56,5641,564101,ホッケー　バッグ・ケース,ホツケーバツグ，ケース
5,56,5641,564103,ホッケー　ボール,ホツケーボール
5,56,5641,564105,ホッケー　グラブ,ホツケーグラブ
5,56,5641,564107,ホッケー　ステイック,ホツケーステイツク
5,56,5641,564109,ホッケー　防具,ホツケーボウグ
5,56,5641,564145,ホッケー　その他グッズ,ホツケーソノタグツズ
5,56,5641,564147,ホッケー　シューズ,ホツケーシユーズ
5,56,5641,564148,ホッケー　シューズアクセサリー,ホツケーシユーズアクセサリ
5,56,5641,564151,ホッケー　トレーニングウェア,ホツケートレーニングウエア
5,56,5641,564153,ホッケー　ウインドブレーカー,ホツケーウインドブレーカ
5,56,5641,564155,ホッケー　スウエット,ホツケースウエツト
5,56,5641,564157,ホッケー　ゲームウェア,ホツケーゲームウエア
5,56,5641,564159,ホッケー　トレーナー・Ｔシャツ,ホツケートレーナー，Ｔシヤ
5,56,5641,564172,ホッケー　アンダーウエア,ホツケーアンダーウエア
5,56,5641,564188,ホッケー　アクセサリー,ホツケーアクセサリー
5,56,5641,564189,ホッケー　その他ウェア,ホツケーソノタウエア
5,56,5641,564197,ホッケー　その他,ホツケーソノタ
5,56,5642,564201,ゲートボール　バッグ・ケース,ゲートボールバツグ，
5,56,5642,564203,ゲートボール　ボール,ゲートボールボール
5,56,5642,564207,ゲートボール　スティック,ゲートボールステイツク
5,56,5642,564245,ゲートボール　その他グッズ,ゲートボールソノタグツ
5,56,5642,564247,ゲートボール　シューズ,ゲートボールシユーズ
5,56,5642,564248,ゲートボール　シューズアクセサリー,ゲートボールシユーズア
5,56,5642,564251,ゲートボール　トレーニングウェア,ゲートボールトレーニンク
5,56,5642,564253,ゲートボール　ウインドブレーカー,ゲートボールウインドフ
5,56,5642,564257,ゲートボール　ゲームウェア,ゲートボールゲームウエ
5,56,5642,564259,ゲートボール　トレーナー・Ｔシャツ,ゲートボールトレーナー，
5,56,5642,564272,ゲートボール　アンダーウエア,ゲートボールアンダーウ
5,56,5642,564288,ゲートボール　アクセサリー,ゲートボールアクセサリー
5,56,5642,564289,ゲートボール　その他ウェア,ゲートボールソノタウエア
5,56,5642,564297,ゲートボール　その他,ゲートボールソノタ
5,56,5643,564301,ラクロス　バッグ・ケース,ラクロスバツグ，ケース
5,56,5643,564303,ラクロス　ボール,ラクロスボール
5,56,5643,564307,ラクロス　スティック,ラクロスステイツク
5,56,5643,564309,ラクロス　防具,ラクロスボウグ
5,56,5643,564345,ラクロス　その他グッズ,ラクロスソノタグツズ
5,56,5643,564347,ラクロス　シューズ,ラクロスシユーズ
5,56,5643,564348,ラクロス　シューズアクセサリー,ラクロスシユーズアクセサリ
5,56,5643,564351,ラクロス　トレーニングウェア,ラクロストレーニングウエア
5,56,5643,564353,ラクロス　ウインドブレーカー,ラクロスウインドブレーカ
5,56,5643,564355,ラクロス　スウエット,ラクロススウエツト
5,56,5643,564357,ラクロス　ゲームウェア,ラクロスゲームウエア
5,56,5643,564359,ラクロス　トレーナー・Ｔシャツ,ラクロストレーナー，Ｔシヤ
5,56,5643,564372,ラクロス　アンダーウエア,ラクロスアンダーウエア
5,56,5643,564388,ラクロス　アクセサリー,ラクロスアクセサリー
5,56,5643,564389,ラクロス　その他ウェア,ラクロスソノタウエア
5,56,5643,564397,ラクロス　その他,ラクロスソノタ
5,56,5648,564801,クラブ競技その他　バッグ・ケース,クラブキヨウギソノタバ
5,56,5648,564803,クラブ競技その他　ボール,クラブキヨウギソノタボ
5,56,5648,564806,クラブ競技その他　手袋,クラブキヨウギソノタテフ
5,56,5648,564807,クラブ競技その他　スティック,クラブキヨウギソノタテイ
5,56,5648,564845,クラブ競技その他　その他グッズ,クラブキヨウギソノタソノ
5,56,5648,564847,クラブ競技その他　シューズ,クラブキヨウギソノタシユ
5,56,5648,564848,クラブ競技その他　シューズアクセサリー,クラブキヨウギソノタシユ
5,56,5648,564851,クラブ競技その他　トレーニングウェア,クラブキヨウギソノタトレ
5,56,5648,564853,クラブ競技その他　ウインドブレーカー,クラブキヨウギソノタウイ
5,56,5648,564855,クラブ競技その他　スウエット,クラブキヨウギソノタスウ
5,56,5648,564859,クラブ競技その他　トレーナー・Ｔシャツ,クラブキヨウギソノタトレ
5,56,5648,564872,クラブ競技その他　アンダーウエア,クラブキヨウギソノタアン
5,56,5648,564888,クラブ競技その他　アクセサリー,クラブキヨウギソノタアク
5,56,5648,564889,クラブ競技その他　その他ウェア,クラブキヨウギソノタソノ
5,56,5648,564897,クラブ競技その他　その他,クラブキヨウギソノタソノ
5,56,5650,565001,スキー　バッグ・ケース,スキーバツグ，ケース
5,56,5650,565009,スキー　防具,スキーボウグ
5,56,5650,565021,スキー　ポール,スキーポール
5,56,5650,565023,スキー　締具,スキーシメグ
5,56,5650,565025,スキー　スキー板,スキースキーイタ
5,56,5650,565027,スキー　スキー靴,スキースキークツ
5,56,5650,565045,スキー　その他グッズ,スキーソノタグツズ
5,56,5650,565047,スキー　シューズ,スキーシユーズ
5,56,5650,565048,スキー　シューズアクセサリー,スキーシユーズアクセサリー
5,56,5650,565051,スキー　トレーニングウェア,スキートレーニングウエア
5,56,5650,565053,スキー　ウインドブレーカー,スキーウインドブレーカー
5,56,5650,565055,スキー　スウエット,スキースウエツト
5,56,5650,565057,スキー　セーター,スキーセーター
5,56,5650,565059,スキー　トレーナー・Ｔシャツ,スキートレーナー，Ｔシヤツ
5,56,5650,565063,スキー　ジャケット,スキージヤケツト
5,56,5650,565065,スキー　スーツ,スキースーツ
5,56,5650,565067,スキー　スキーパンツ,スキースキーパンツ
5,56,5650,565072,スキー　アンダーウエア,スキーアンダーウエア
5,56,5650,565088,スキー　アクセサリー,スキーアクセサリー
5,56,5650,565089,スキー　その他ウェア,スキーソノタウエア
5,56,5650,565097,スキー　その他,スキーソノタ
5,56,5651,565101,アイススケート　バッグ・ケース,アイススケートバツグ，ケ
5,56,5651,565109,アイススケート　防具,アイススケートボウグ
5,56,5651,565145,アイススケート　その他グッズ,アイススケートソノタグツス
5,56,5651,565147,アイススケート　シューズ,アイススケートシユーズ
5,56,5651,565148,アイススケート　シューズアクセサリー,アイススケートシユーズアク
5,56,5651,565151,アイススケート　トレニングウェア,アイススケートトレニングウ
5,56,5651,565153,アイススケート　ウインドブレーカー,アイススケートウインドブ
5,56,5651,565155,アイススケート　スウエット,アイススケートスウエツト
5,56,5651,565157,アイススケート　コスチューム,アイススケートコスチユーム
5,56,5651,565159,アイススケート　トレーナー・Ｔシャツ,アイススケートトレーナー，Ｔ
5,56,5651,565172,アイススケート　アンダーウエア,アイススケートアンダーウエ
5,56,5651,565188,アイススケート　アクセサリー,アイススケートアクセサリー
5,56,5651,565189,アイススケート　その他ウェア,アイススケートソノタウエア
5,56,5651,565197,アイススケート　その他,アイススケートソノタ
5,56,5652,565201,アイスホッケー　バッグ・ケース,アイスホツケーバツグ，ケ
5,56,5652,565203,アイスホッケー　パック,アイスホツケーパツク
5,56,5652,565205,アイスホッケー　グラブ,アイスホツケーグラブ
5,56,5652,565209,アイスホッケー　防具,アイスホツケーボウグ
5,56,5652,565245,アイスホッケー　その他グッズ,アイスホツケーソノタグツス
5,56,5652,565247,アイスホッケー　シューズ,アイスホツケーシユーズ
5,56,5652,565248,アイスホッケー　シューズアクセサリー,アイスホツケーシユーズアク
5,56,5652,565251,アイスホッケー　トレーニングウェア,アイスホツケートレーニング
5,56,5652,565253,アイスホッケー　ウインドブレーカー,アイスホツケーウインドブ
5,56,5652,565257,アイスホッケー　ゲームウェア,アイスホツケーゲームウエア
5,56,5652,565259,アイスホッケー　トレーナー・Ｔシャツ,アイスホツケートレーナー，Ｔ
5,56,5652,565272,アイスホッケー　アンダーウエア,アイスホツケーアンダーウエ
5,56,5652,565288,アイスホッケー　アクセサリー,アイスホツケーアクセサリー
5,56,5652,565289,アイスホッケー　その他ウェア,アイスホツケーソノタウエア
5,56,5652,565297,アイスホッケー　その他,アイスホツケーソノタ
5,56,5653,565301,スノーボード　バッグ・ケース,スノーボードバツグ，
5,56,5653,565325,スノーボード　スノーボード,スノーボードスノーボー
5,56,5653,565345,スノーボード　その他グッズ,スノーボードソノタグツ
5,56,5653,565347,スノーボード　シューズ,スノーボードシユーズ
5,56,5653,565348,スノーボード　シューズアクセサリー,スノーボードシユーズア
5,56,5653,565351,スノーボード　トレーニングウェア,スノーボードトレーニンク
5,56,5653,565353,スノーボード　ウインドブレーカー,スノーボードウインドフ
5,56,5653,565355,スノーボード　スウエット,スノーボードスウエツト
5,56,5653,565359,スノーボード　トレーナー・Ｔシャツ,スノーボードトレーナー，
5,56,5653,565363,スノーボード　ジャケット,スノーボードジヤケツト
5,56,5653,565372,スノーボード　アンダーウエア,スノーボードアンダーウ
5,56,5653,565388,スノーボード　アクセサリー,スノーボードアクセサリー
5,56,5653,565389,スノーボード　その他ウェア,スノーボードソノタウエア
5,56,5653,565397,スノーボード　その他,スノーボードソノタ
5,56,5658,565801,ウインターＳＰ他　バッグ・ケース,ウインターＳＰタバツグ，
5,56,5658,565845,ウインターＳＰ他　その他グッズ,ウインターＳＰタソノタグツ
5,56,5658,565847,ウインターＳＰ他　シューズ,ウインターＳＰタシユーズ
5,56,5658,565848,ウインターＳＰ他　シューズアクセサリー,ウインターＳＰシユーズアク
5,56,5658,565851,ウインターＳＰ他　トレーニングウェア,ウインターＳＰタトレーニンク
5,56,5658,565853,ウインターＳＰ他　ウインドブレーカー,ウインターＳＰタウインドフ
5,56,5658,565855,ウインターＳＰ他　スウエット,ウインターＳＰタスウエツト
5,56,5658,565859,ウインターＳＰ他　トレーナー・Ｔシャツ,ウインターＳＰタトレーナー，
5,56,5658,565872,ウインターＳＰ他　アンダーウエア,ウインターＳＰアンダーウエ
5,56,5658,565888,ウインターＳＰ他　アクセサリー,ウインターＳＰタアクセサリ
5,56,5658,565889,ウインターＳＰ他　その他ウェア,ウインターＳＰタソノタウエ
5,56,5658,565897,ウインターＳＰ他　その他,ウインターＳＰタソノタ
5,56,5660,566029,ダイビング　マスク,ダイビングマスク
5,56,5660,566031,ダイビング　足ヒレ,ダイビングアシヒレ
5,56,5660,566033,ダイビング　タンク,ダイビングタンク
5,56,5660,566034,ダイビング　レギュレーター,ダイビングレギユレー
5,56,5660,566035,ダイビング　ウエットスーツ,ダイビングウエツトスー
5,56,5660,566045,ダイビング　その他グッズ,ダイビングソノタグツ
5,56,5660,566047,ダイビング　シューズ,ダイビングシユーズ
5,56,5660,566048,ダイビング　シューズアクセサリー,ダイビングシユーズア
5,56,5660,566055,ダイビング　スウエット,ダイビングスウエツト
5,56,5660,566058,ダイビング　水着,ダイビングミズギ
5,56,5660,566059,ダイビング　トレーナー・Ｔシャツ,ダイビングトレーナー，
5,56,5660,566088,ダイビング　アクセサリー,ダイビングアクセサリー
5,56,5660,566089,ダイビング　その他ウェア,ダイビングソノタウエア
5,56,5660,566097,ダイビング　その他,ダイビングソノタ
5,56,5661,566135,サーフ＆ボード　ウエットスーツ,サーフ＆ボードウエツトス
5,56,5661,566137,サーフ＆ボード　ボード,サーフ＆ボードボード
5,56,5661,566145,サーフ＆ボード　その他グッズ,サーフ＆ボードソノタグ
5,56,5661,566147,サーフ＆ボード　シューズ,サーフ＆ボードシユーズ
5,56,5661,566148,サーフ＆ボード　シューズアクセサリー,サーフ＆ボードシユーズ
5,56,5661,566155,サーフ＆ボード　スウエット,サーフ＆ボードスウエツト
5,56,5661,566158,サーフ＆ボード　水着,サーフ＆ボードミズギ
5,56,5661,566159,サーフ＆ボード　トレーナー・Ｔシャツ,サーフ＆ボードトレーナー
5,56,5661,566172,サーフ＆ボード　アンダーウエア,サーフ＆ボードアンダー
5,56,5661,566188,サーフ＆ボード　アクセサリー,サーフ＆ボードアクセサリ
5,56,5661,566189,サーフ＆ボード　その他ウェア,サーフ＆ボードソノタウエ
5,56,5661,566197,サーフ＆ボード　その他,サーフ＆ボードソノタ
5,56,5662,566235,ヨット・Ｍボート　ウエットスーツ,ヨツト，Ｍボードウエツト
5,56,5662,566237,ヨット・Ｍボート　艇,ヨツト，Ｍボードテイ
5,56,5662,566245,ヨット・Ｍボート　その他グッズ,ヨツト，Ｍボードソノタク
5,56,5662,566247,ヨット・Ｍボート　シューズ,ヨツト，Ｍボードシユース
5,56,5662,566248,ヨット・Ｍボート　シューズアクセサリー,ヨツト，Ｍボードシユース
5,56,5662,566251,ヨット・Ｍボート　トレーニングウェア,ヨツト，Ｍボードトレーニ
5,56,5662,566253,ヨット・Ｍボート　ウインドブレーカー,ヨツト，Ｍボードウイント
5,56,5662,566255,ヨット・Ｍボート　スウエット,ヨツト，Ｍボードスウエツ
5,56,5662,566257,ヨット・Ｍボート　ゲームウェア,ヨツト，Ｍボードゲーム
5,56,5662,566259,ヨット・Ｍボート　トレーナー・Ｔシャツ,ヨツト，Ｍボードトレーナ
5,56,5662,566272,ヨット・Ｍボート　アンダーウエア,ヨツト，Ｍボードアンダ
5,56,5662,566288,ヨット・Ｍボート　アクセサリー,ヨツト，Ｍボードアクセサ
5,56,5662,566289,ヨット・Ｍボート　その他ウェア,ヨツト，Ｍボードソノタウ
5,56,5662,566297,ヨット・Ｍボート　その他,ヨツト，Ｍボードソノタ
5,56,5663,566307,カヌー・カヤック　パドル・オール,カヌー，カヤツクパドル，
5,56,5663,566309,カヌー・カヤック　防具（セーフティギア）,カヌー，カヤツクボウグ（
5,56,5663,566335,カヌー・カヤック　ウエットスーツ,カヌー，カヤツクウエツトスー
5,56,5663,566337,カヌー・カヤック　艇,カヌー，カヤツクテイ
5,56,5663,566345,カヌー・カヤック　その他グッズ,カヌー，カヤツクソノタグツ
5,56,5663,566347,カヌー・カヤック　シューズ,カヌー，カヤツクシユーズ
5,56,5663,566348,カヌー・カヤック　シューズアクセサリー,カヌー，カヤツクシユーズア
5,56,5663,566351,カヌー・カヤック　トレーニングウェア,カヌー，カヤツクトレーニンク
5,56,5663,566353,カヌー・カヤック　ウインドブレーカー,カヌー，カヤツクウインドフ
5,56,5663,566355,カヌー・カヤック　スウエット,カヌー，カヤツクスウエツト
5,56,5663,566357,カヌー・カヤック　ゲームウェア,カヌー，カヤツクゲームウエ
5,56,5663,566359,カヌー・カヤック　トレーナー・Ｔシャツ,カヌー，カヤツクトレーナー，
5,56,5663,566372,カヌー・カヤック　アンダーウエア,カヌー，カヤツクアンダーウ
5,56,5663,566388,カヌー・カヤック　アクセサリー,カヌー，カヤツクアクセサリ
5,56,5663,566389,カヌー・カヤック　その他ウェア,カヌー，カヤツクソノタウエ
5,56,5663,566397,カヌー・カヤック　その他,カヌー，カヤツクソノタ
5,56,5668,566801,マリンＳＰ他　バッグ・ケース,マリンＳＰタバツグ，ケー
5,56,5668,566845,マリンＳＰ他　その他グッズ,マリンＳＰタソノタグツズ
5,56,5668,566847,マリンＳＰ他　シューズ,マリンＳＰタシユーズ
5,56,5668,566848,マリンＳＰ他　シューズアクセサリー,マリンＳＰタシユーズアクセ
5,56,5668,566851,マリンＳＰ他　トレーニングウェア,マリンＳＰタトレーニングウ
5,56,5668,566853,マリンＳＰ他　ウインドブレーカー,マリンＳＰタウインドブレ
5,56,5668,566855,マリンＳＰ他　スウエット,マリンＳＰタスウエツト
5,56,5668,566859,マリンＳＰ他　トレーナー・Ｔシャツ,マリンＳＰタトレーナー，Ｔシ
5,56,5668,566872,マリンＳＰ他　アンダーウエア,マリンＳＰタアンダーウエア
5,56,5668,566888,マリンＳＰ他　アクセサリー,マリンＳＰタアクセサリー
5,56,5668,566889,マリンＳＰ他　その他ウェア,マリンＳＰタソノタウエア
5,56,5668,566897,マリンＳＰ他　その他,マリンＳＰタソノタ
5,56,5670,567001,ボクシング　バッグ・ケース,ボクシングバツグ，ケ
5,56,5670,567005,ボクシング　グローブ,ボクシンググローブ
5,56,5670,567009,ボクシング　防具,ボクシングボウグ
5,56,5670,567045,ボクシング　その他グッズ,ボクシングソノタグツス
5,56,5670,567047,ボクシング　シューズ,ボクシングシユーズ
5,56,5670,567048,ボクシング　シューズアクセサリー,ボクシングシユーズアク
5,56,5670,567051,ボクシング　トレーニングウェア,ボクシングトレーニング
5,56,5670,567053,ボクシング　ウインドブレーカー,ボクシングウインドブ
5,56,5670,567055,ボクシング　スウエット,ボクシングスウエツト
5,56,5670,567057,ボクシング　ガウン・パンツ,ボクシングガウン，パ
5,56,5670,567059,ボクシング　トレーナー・Ｔシャツ,ボクシングトレーナー，Ｔ
5,56,5670,567072,ボクシング　アンダーウエア,ボクシングアンダーウエ
5,56,5670,567088,ボクシング　アクセサリー,ボクシングアクセサリー
5,56,5670,567089,ボクシング　その他ウェア,ボクシングソノタウエア
5,56,5670,567097,ボクシング　その他,ボクシングソノタ
5,56,5671,567101,アーチェリー・弓道　矢筒,アーチエリー，キユウドウヤ
5,56,5671,567103,アーチェリー・弓道　矢,アーチエリー，キユウドウヤ
5,56,5671,567107,アーチェリー・弓道　弓,アーチエリー，キユウドウユ
5,56,5671,567109,アーチェリー・弓道　防具,アーチエリー，キユウドウホ
5,56,5671,567145,アーチェリー・弓道　その他グッズ,アーチエリー，キユウドウソ
5,56,5671,567147,アーチェリー・弓道　シューズ,アーチエリー，キユウドウシ
5,56,5671,567148,アーチェリー・弓道　シューズアクセサリー,アーチエリー，キユウドウシ
5,56,5671,567151,アーチェリー・弓道　トレーニングウェア,アーチエリー，キユウドウト
5,56,5671,567153,アーチェリー・弓道　ウインドブレーカー,アーチエリー，キユウドウウ
5,56,5671,567155,アーチェリー・弓道　スウエット,アーチエリー，キユウドウス
5,56,5671,567157,アーチェリー・弓道　ゲームウェア,アーチエリー，キユウドウケ
5,56,5671,567159,アーチェリー・弓道　トレーナー・Ｔシャツ,アーチエリー，キユウドウト
5,56,5671,567172,アーチェリー・弓道　アンダーウエア,アーチエリー，キユウドウア
5,56,5671,567188,アーチェリー・弓道　アクセサリー,アーチエリー，キユウドウア
5,56,5671,567189,アーチェリー・弓道　その他ウェア,アーチエリー，キユウドウソ
5,56,5671,567197,アーチェリー・弓道　その他,アーチエリー，キユウドウソ
5,56,5672,567201,フェンシング　バッグ・ケース,フエンシングバツグ，ケ
5,56,5672,567205,フェンシング　グラブ,フエンシンググラブ
5,56,5672,567207,フェンシング　剣,フエンシングケン
5,56,5672,567209,フェンシング　防具,フエンシングボウグ
5,56,5672,567245,フェンシング　その他グッズ,フエンシングソノタグツス
5,56,5672,567247,フェンシング　シューズ,フエンシングシユーズ
5,56,5672,567248,フェンシング　シューズアクセサリー,フエンシングシユーズアク
5,56,5672,567251,フェンシング　トレーニングウェア,フエンシングトレーニング
5,56,5672,567253,フェンシング　ウインドブレーカー,フエンシングウインドブ
5,56,5672,567257,フェンシング　ユニフォーム,フエンシングユニフオーム
5,56,5672,567259,フェンシング　トレーナー・Ｔシャツ,フエンシングトレーナー，Ｔ
5,56,5672,567272,フェンシング　アンダーウエア,フエンシングアンダーウエ
5,56,5672,567288,フェンシング　アクセサリー,フエンシングアクセサリー
5,56,5672,567289,フェンシング　その他ウェア,フエンシングソノタウエア
5,56,5672,567297,フェンシング　その他,フエンシングソノタ
5,56,5673,567301,レスリング・すもう　バッグ・ケース,レスリング，スモウバツク
5,56,5673,567345,レスリング・すもう　その他グッズ,レスリング，スモウソノタク
5,56,5673,567347,レスリング・すもう　シューズ,レスリング，スモウシユース
5,56,5673,567348,レスリング・すもう　シューズアクセサリー,レスリング，スモウシユース
5,56,5673,567351,レスリング・すもう　トレーニングウェア,レスリング，スモウトレーニ
5,56,5673,567353,レスリング・すもう　ウインドブレーカー,レスリング，スモウウイント
5,56,5673,567355,レスリング・すもう　スウエット,レスリング，スモウスウエツ
5,56,5673,567357,レスリング・すもう　ユニフォーム・まわし,レスリング，スモウユニフオ
5,56,5673,567359,レスリング・すもう　トレーナー・Ｔシャツ,レスリング，スモウトレーナ
5,56,5673,567372,レスリング・すもう　アンダーウエア,レスリング，スモウアンダ
5,56,5673,567388,レスリング・すもう　アクセサリー,レスリング，スモウアクセサ
5,56,5673,567389,レスリング・すもう　その他ウェア,レスリング，スモウソノタウ
5,56,5673,567397,レスリング・すもう　その他,レスリング，スモウソノタ
5,56,5674,567401,柔道・空手　バッグ・ケース,ジユウドウ，カラテバツ
5,56,5674,567409,柔道・空手　防具,ジユウドウ，カラテボウ
5,56,5674,567445,柔道・空手　その他グッズ,ジユウドウ，カラテソノタ
5,56,5674,567451,柔道・空手　トレーニングウェア,ジユウドウ，カラテトレー
5,56,5674,567453,柔道・空手　ウインドブレーカー,ジユウドウ，カラテウイン
5,56,5674,567457,柔道・空手　柔道衣・空手衣,ジユウドウ，カラテジユ
5,56,5674,567472,柔道・空手　アンダーウエア,ジユウドウ，カラテアンタ
5,56,5674,567488,柔道・空手　アクセサリー,ジユウドウ，カラテアクセ
5,56,5674,567489,柔道・空手　その他ウェア,ジユウドウ，カラテソノタ
5,56,5674,567497,柔道・空手　その他,ジユウドウ，カラテソノタ
5,56,5675,567501,剣道・なぎなた　バッグ・ケース,ケンドウ，ナギナタバツ
5,56,5675,567507,剣道・なぎなた　竹刀・なぎなた,ケンドウ，ナギナタシナイ
5,56,5675,567509,剣道・なぎなた　防具,ケンドウ，ナギナタボウ
5,56,5675,567545,剣道・なぎなた　その他グッズ,ケンドウ，ナギナタソノタ
5,56,5675,567551,剣道・なぎなた　トレーニングウェア,ケンドウ，ナギナタトレー
5,56,5675,567553,剣道・なぎなた　ウインドブレーカー,ケンドウ，ナギナタウイン
5,56,5675,567557,剣道・なぎなた　剣道衣・なぎなた衣,ケンドウ，ナギナタケント
5,56,5675,567572,剣道・なぎなた　アンダーウエア,ケンドウ，ナギナタアンタ
5,56,5675,567588,剣道・なぎなた　アクセサリー,ケンドウ，ナギナタアクセ
5,56,5675,567589,剣道・なぎなた　その他ウェア,ケンドウ，ナギナタソノタ
5,56,5675,567597,剣道・なぎなた　その他,ケンドウ，ナギナタソノタ
5,56,5676,567601,射撃　バッグ・ケース,シヤゲキバツグ，ケース
5,56,5676,567603,射撃　弾丸・クレー,シヤゲキダンガン，クレ
5,56,5676,567606,射撃　手袋,シヤゲキテブクロ
5,56,5676,567609,射撃　防具,シヤゲキボウグ
5,56,5676,567639,射撃　銃,シヤゲキジユウ
5,56,5676,567645,射撃　その他グッズ,シヤゲキソノタグツズ
5,56,5676,567647,射撃　シューズ,シヤゲキシユーズ
5,56,5676,567648,射撃　シューズアクセサリー,シヤゲキシユーズアクセサ
5,56,5676,567651,射撃　トレーニングウェア,シヤゲキトレーニングウエ
5,56,5676,567653,射撃　ウインドブレーカー,シヤゲキウインドブレー
5,56,5676,567655,射撃　スウエット,シヤゲキスウエツト
5,56,5676,567657,射撃　ゲームウェア,シヤゲキゲームウエア
5,56,5676,567659,射撃　トレーナー・Ｔシャツ,シヤゲキトレーナー，Ｔシヤ
5,56,5676,567672,射撃　アンダーウエア,シヤゲキアンダーウエア
5,56,5676,567688,射撃　アクセサリー,シヤゲキアクセサリー
5,56,5676,567689,射撃　その他ウェア,シヤゲキソノタウエア
5,56,5676,567697,射撃　その他,シヤゲキソノタ
5,56,5677,567701,乗馬・馬術　バッグ・ケース,ジヨウバ，バジユツハ
5,56,5677,567707,乗馬・馬術　ベン,ジヨウバ，バジユツヘ
5,56,5677,567709,乗馬・馬術　防具,ジヨウバ，バジユツホ
5,56,5677,567741,乗馬・馬術　引手・鞍,ジヨウバ，バジユツヒ
5,56,5677,567745,乗馬・馬術　その他グッズ,ジヨウバ，バジユツソ
5,56,5677,567747,乗馬・馬術　シューズ,ジヨウバ，バジユツシ
5,56,5677,567748,乗馬・馬術　シューズアクセサリー,ジヨウバ，バジユツシ
5,56,5677,567751,乗馬・馬術　シャツ,ジヨウバ，バジユツシ
5,56,5677,567753,乗馬・馬術　ブラウス,ジヨウバ，バジユツフ
5,56,5677,567757,乗馬・馬術　乗馬服,ジヨウバ，バジユツシ
5,56,5677,567772,乗馬・馬術　アンダーウエア,ジヨウバ，バジユツア
5,56,5677,567788,乗馬・馬術　アクセサリー,ジヨウバ，バジユツア
5,56,5677,567789,乗馬・馬術　その他ウェア,ジヨウバ，バジユツソ
5,56,5677,567797,乗馬・馬術　その他,ジヨウバ，バジユツソ
5,56,5678,567801,武道その他　バッグ・ケース,ブドウソノタバツグ，
5,56,5678,567807,武道その他　武道刀,ブドウソノタブドウカ
5,56,5678,567809,武道その他　防具,ブドウソノタボウグ
5,56,5678,567845,武道その他　その他グッズ,ブドウソノタソノタグツ
5,56,5678,567847,武道その他　シューズ,ブドウソノタシユーズ
5,56,5678,567848,武道その他　シューズアクセサリー,ブドウソノタシユーズア
5,56,5678,567851,武道その他　トレーニングウェア,ブドウソノタトレーニンク
5,56,5678,567853,武道その他　ウインドブレーカー,ブドウソノタウインドフ
5,56,5678,567855,武道その他　スウエット,ブドウソノタスウエツト
5,56,5678,567857,武道その他　武道衣,ブドウソノタブドウキ
5,56,5678,567859,武道その他　トレーナー・Ｔシャツ,ブドウソノタトレーナー，
5,56,5678,567872,武道その他　アンダーウエア,ブドウソノタアンダーウ
5,56,5678,567888,武道その他　アクセサリー,ブドウソノタアクセサリー
5,56,5678,567889,武道その他　その他ウェア,ブドウソノタソノタウエア
5,56,5678,567897,武道その他　その他,ブドウソノタソノタ
5,56,5680,568001,登山・キャンプ　ザック,トザン，キヤンプザツク
5,56,5680,568009,登山・キャンプ　防具,トザン，キヤンプボウク
5,56,5680,568042,登山・キャンプ　調理具,トザン，キヤンプチヨウリ
5,56,5680,568043,登山・キャンプ　シュラフ,トザン，キヤンプシユラフ
5,56,5680,568044,登山・キャンプ　テント・シート,トザン，キヤンプテント，
5,56,5680,568045,登山・キャンプ　その他グッズ,トザン，キヤンプソノタク
5,56,5680,568047,登山・キャンプ　シューズ,トザン，キヤンプシユース
5,56,5680,568048,登山・キャンプ　シューズアクセサリー,トザン，キヤンプシユース
5,56,5680,568051,登山・キャンプ　トレーニングウェア,トザン，キヤンプトレーニ
5,56,5680,568053,登山・キャンプ　ウインドブレーカー,トザン，キヤンプウイント
5,56,5680,568057,登山・キャンプ　セーター,トザン，キヤンプセーター
5,56,5680,568069,登山・キャンプ　防寒着,トザン，キヤンプボウカ
5,56,5680,568071,登山・キャンプ　ニッカーパンツ,トザン，キヤンプニツカー
5,56,5680,568072,登山・キャンプ　アンダーウエア,トザン，キヤンプアンダ
5,56,5680,568088,登山・キャンプ　アクセサリー,トザン，キヤンプアクセサ
5,56,5680,568089,登山・キャンプ　その他ウェア,トザン，キヤンプソノタウ
5,56,5680,568097,登山・キャンプ　その他,トザン，キヤンプソノタ
5,56,5681,568101,釣り竿（カーボンロッド）,ツリサオ（カーボンロツド
5,56,5681,568102,釣り竿（ﾌｪﾉｰﾙ、新素材）,ツリサオ（フエノール，シンソ
5,56,5681,568104,釣用リール,ツリヨウリール
5,56,5681,568111,釣糸,ツリイト
5,56,5681,568112,釣針,ツリハリ
5,56,5681,568113,仕掛・毛針・擬似餌,シカケ，ケハリ，ギジエ
5,56,5681,568114,ウキ,ウキ
5,56,5681,568121,釣餌,ツリエサ
5,56,5681,568131,ルアー,ルアー
5,56,5681,568132,フライ,フライ
5,56,5681,568141,フイッシングウェア,フイツシングウエア
5,56,5681,568142,釣用履物・身の回り品,ツリヨウハキモノ，ミノマワリ
5,56,5681,568151,釣用バッグ・ケース類,ツリヨウバツグ，ケースル
5,56,5681,568152,釣用クーラー,ツリヨウクーラー
5,56,5681,568153,釣用照明器具,ツリヨウシヨウメイキグ
5,56,5681,568154,仕掛部材,シカケブザイ
5,56,5681,568155,釣用工具・器具,ツリヨウコウグ，キグ
5,56,5681,568156,釣用加工・補修部材,ツリヨウカコウ，ホシユウブ
5,56,5681,568157,フィッシング　その他,フイツシングソノタ
5,56,5682,568201,サイクリング　バッグ・ケース,サイクリングバツグ，ケ
5,56,5682,568206,サイクリング　手袋,サイクリングテブクロ
5,56,5682,568240,サイクリング　自転車,サイクリングジテンシヤ
5,56,5682,568245,サイクリング　その他グッズ,サイクリングソノタグツス
5,56,5682,568247,サイクリング　シューズ,サイクリングシユーズ
5,56,5682,568248,サイクリング　シューズアクセサリー,サイクリングシユーズアク
5,56,5682,568251,サイクリング　トレーニングウェア,サイクリングトレーニング
5,56,5682,568253,サイクリング　ウインドブレーカー,サイクリングウインドブ
5,56,5682,568255,サイクリング　スウエット,サイクリングスウエツト
5,56,5682,568257,サイクリング　ゲームウェア,サイクリングゲームウエア
5,56,5682,568259,サイクリング　トレーナー・Ｔシャツ,サイクリングトレーナー，Ｔ
5,56,5682,568272,サイクリング　アンダーウエア,サイクリングアンダーウエ
5,56,5682,568288,サイクリング　アクセサリー,サイクリングアクセサリー
5,56,5682,568289,サイクリング　その他ウェア,サイクリングソノタウエア
5,56,5682,568297,サイクリング　その他,サイクリングソノタ
5,56,5683,568301,トライアスロン　バッグ・ケース,トライアスロンバツグ，ケ
5,56,5683,568306,トライアスロン　手袋,トライアスロンテブクロ
5,56,5683,568340,トライアスロン　自転車,トライアスロンジテンシヤ
5,56,5683,568345,トライアスロン　その他グッズ,トライアスロンソノタグツス
5,56,5683,568347,トライアスロン　シューズ,トライアスロンシユーズ
5,56,5683,568348,トライアスロン　シューズアクセサリー,トライアスロンシユーズアク
5,56,5683,568351,トライアスロン　トレーニングウェア,トライアスロントレーニング
5,56,5683,568353,トライアスロン　ウインドブレーカー,トライアスロンウインドブ
5,56,5683,568357,トライアスロン　ゲームウェア,トライアスロンゲームウエア
5,56,5683,568359,トライアスロン　トレーナー・Ｔシャツ,トライアスロンレーナー，Ｔシ
5,56,5683,568372,トライアスロン　アンダーウエア,トライアスロンアンダーウエ
5,56,5683,568388,トライアスロン　アクセサリー,トライアスロンアクセサリー
5,56,5683,568389,トライアスロン　その他ウェア,トライアスロンソノタウエア
5,56,5683,568397,トライアスロン　その他,トライアスロンソノタ
5,56,5688,568801,レジャーＳＰ他　バッグ・ケース,レジヤーＳＰタバツグ，
5,56,5688,568845,レジャーＳＰ他　その他グッズ,レジヤーＳＰタソノタグツ
5,56,5688,568847,レジャーＳＰ他　シューズ,レジヤーＳＰタシユーズ
5,56,5688,568848,レジャーＳＰ他　シューズアクセサリー,レジヤーＳＰタシユーズア
5,56,5688,568851,レジャーＳＰ他　トレーニングウェア,レジヤーＳＰタトレーニンク
5,56,5688,568853,レジャーＳＰ他　ウインドブレーカー,レジヤーＳＰタウインドフ
5,56,5688,568857,レジャーＳＰ他　ゲームウェア,レジヤーＳＰタゲームウエ
5,56,5688,568859,レジャーＳＰ他　トレーナー・Ｔシャツ,レジヤーＳＰタトレーナー，
5,56,5688,568872,レジャーＳＰ他　アンダーウエア,レジヤーＳＰタアンダーウ
5,56,5688,568888,レジャーＳＰ他　アクセサリー,レジヤーＳＰタアクセサリー
5,56,5688,568889,レジャーＳＰ他　その他ウェア,レジヤーＳＰタソノタウエア
5,56,5688,568897,レジャーＳＰ他　その他,レジヤーＳＰタソノタ
5,56,5690,569001,ジョギング　バッグ・ケース,ジヨギングバツグ，
5,56,5690,569045,ジョギング　その他グッズ,ジヨギングソノタク
5,56,5690,569047,ジョギング　シューズ,ジヨギングシユーズ
5,56,5690,569048,ジョギング　シューズアクセサリー,ジヨギングシユーズア
5,56,5690,569051,ジョギング　トレーニングウェア,ジヨギングトレーニンク
5,56,5690,569053,ジョギング　ウインドブレーカー,ジヨギングウインドフ
5,56,5690,569055,ジョギング　スウエット,ジヨギングスウエツト
5,56,5690,569059,ジョギング　トレーナー・Ｔシャツ,ジヨギングトレーナ，Ｔ
5,56,5690,569072,ジョギング　アンダーウエア,ジヨギングアンダーウ
5,56,5690,569088,ジョギング　アクセサリー,ジヨギングアクセサリー
5,56,5690,569089,ジョギング　その他ウェア,ジヨギングソノタウエア
5,56,5690,569097,ジョギング　その他,ジヨギングソノタ
5,56,5691,569101,トレーニング　バッグ・ケース,トレーニングバツグ，ケ
5,56,5691,569145,トレーニング　その他グッズ,トレーニングソノタグツス
5,56,5691,569147,トレーニング　シューズ,トレーニングシユーズ
5,56,5691,569148,トレーニング　シューズアクセサリー,トレーニングシユーズアク
5,56,5691,569151,トレーニング　トレーニングウェア,トレーニングトレーニング
5,56,5691,569153,トレーニング　ウインドブレーカー,トレーニングウインドブ
5,56,5691,569155,トレーニング　スウエット,トレーニングスウエツト
5,56,5691,569157,トレーニング　ゲームウェア,トレーニングゲームウエア
5,56,5691,569159,トレーニング　トレーナー・Ｔシャツ,トレーニングトレーナー，Ｔ
5,56,5691,569172,トレーニング　アンダーウエア,トレーニングアンダーウエ
5,56,5691,569188,トレーニング　アクセサリー,トレーニングアクセサリー
5,56,5691,569189,トレーニング　その他ウェア,トレーニングソノタウエア
5,56,5691,569197,トレーニング　その他,トレーニングソノタ
5,56,5692,569201,フィットネス　バッグ・ケース,フイツトネスバツグ，ケー
5,56,5692,569245,フィットネス　その他グッズ,フイツトネスソノタグツズ
5,56,5692,569247,フィットネス　シューズ,フイツトネスシユーズ
5,56,5692,569248,フィットネス　シューズアクセサリー,フイツトネスシユーズアクセ
5,56,5692,569251,フィットネス　トレーニングウェア,フイツトネストレーニングウ
5,56,5692,569253,フィットネス　ウインドブレーカー,フイツトネスウインドブレ
5,56,5692,569255,フィットネス　スウエット,フイツトネススウエツト
5,56,5692,569257,フィットネス　ゲームウェア,フイツトネスゲームウエア
5,56,5692,569259,フィットネス　トレーナー・Ｔシャツ,フイツトネストレーナー，Ｔシ
5,56,5692,569272,フィットネス　アンダーウエア,フイツトネスアンダーウエア
5,56,5692,569288,フィットネス　アクセサリー,フイツトネスアクセサリー
5,56,5692,569289,フィットネス　その他ウェア,フイツトネスソノタウエア
5,56,5692,569297,フィットネス　その他,フイツトネスソノタ
5,56,5693,569301,ウォーキング　バッグ・ケース,ウオーキングバツグ，ケ
5,56,5693,569345,ウォーキング　その他グッズ,ウオーキングソノタグツス
5,56,5693,569347,ウォーキング　シューズ,ウオーキングシユーズ
5,56,5693,569348,ウォーキング　シューズアクセサリー,ウオーキングシユーズアク
5,56,5693,569351,ウォーキング　トレーニングウェア,ウオーキングトレーニング
5,56,5693,569353,ウォーキング　ウインドブレーカー,ウオーキングウインドブ
5,56,5693,569355,ウォーキング　スウエット,ウオーキングスウエツト
5,56,5693,569359,ウォーキング　トレーナー・Ｔシャツ,ウオーキングトレーナー，Ｔ
5,56,5693,569372,ウォーキング　アンダーウエア,ウオーキングアンダーウエ
5,56,5693,569388,ウォーキング　アクセサリー,ウオーキングアクセサリー
5,56,5693,569389,ウォーキング　その他ウェア,ウオーキングソノタウエア
5,56,5693,569397,ウォーキング　その他,ウオーキングソノタ
5,56,5694,569401,スポーツカジュアル　バッグ・ケース,スポーツカジユアルバツ
5,56,5694,569445,スポーツカジュアル　その他グッズ,スポーツカジユアルソノタ
5,56,5694,569447,スポーツカジュアル　シューズ,スポーツカジユアルシユー
5,56,5694,569448,スポーツカジュアル　シューズアクセサリー,スポーツカジユアルシユー
5,56,5694,569451,スポーツカジュアル　トレーニングウェア,スポーツカジユアルトレー
5,56,5694,569453,スポーツカジュアル　ウインドブレーカー,スポーツカジユアルウイン
5,56,5694,569455,スポーツカジュアル　スウエット,スポーツカジユアルスウエ
5,56,5694,569459,スポーツカジュアル　トレーナー・Ｔシャツ,スポーツカジユアルトレー
5,56,5694,569472,スポーツカジュアル　アンダーウエア,スポーツカジユアルアンタ
5,56,5694,569488,スポーツカジュアル　アクセサリー,スポーツカジユアルアクセ
5,56,5694,569489,スポーツカジュアル　その他ウェア,スポーツカジユアルソノタ
5,56,5694,569497,スポーツカジュアル　その他,スポーツカジユアルソノタ
5,56,5695,569501,スクール（学校体育）　バッグ・ケース,スクールバツグ，ケース
5,56,5695,569545,スクール（学校体育）　その他グッズ,スクールソノタグツズ
5,56,5695,569547,スクール（学校体育）　シューズ,スクールシユーズ
5,56,5695,569548,スクール（学校体育）　シューズアクセサリ,スクールシユーズアクセサリ
5,56,5695,569551,スクール（学校体育）　トレーニングウェア,スクールトレーニングウエア
5,56,5695,569553,スクール（学校体育）　ウインドブレーカー,スクールウインドブレーカ
5,56,5695,569555,スクール（学校体育）　スウエット,スクールスウエツト
5,56,5695,569559,スクール（学校体育）　トレーナー・Ｔシャ,スクールトレーナー，Ｔシヤツ
5,56,5695,569572,スクール（学校体育）　アンダーウエア,スクールアンダーウエア
5,56,5695,569588,スクール（学校体育）　アクセサリー,スクールアクセサリー
5,56,5695,569589,スクール（学校体育）　その他ウェア,スクールソノタウエア
5,56,5695,569597,スクール（学校体育）　その他,スクールソノタ
5,56,5696,569601,キッズ・インファント　バッグ・ケース,キツズ，インフアントバツ
5,56,5696,569645,キッズ・インファント　その他グッズ,キツズ，インフアントソノタ
5,56,5696,569647,キッズ・インファント　シューズ,キツズ，インフアントシユー
5,56,5696,569648,キッズ・インファント　シューズアクセサリ,キツズ，インフアントシユー
5,56,5696,569651,キッズ・インファント　トレーニングウェア,キツズ，インフアントトレー
5,56,5696,569653,キッズ・インファント　ウインドブレーカー,キツズ，インフアントウイン
5,56,5696,569655,キッズ・インファント　スウエット,キツズ，インフアントスウエ
5,56,5696,569659,キッズ・インファント　トレーナー・Ｔシャ,キツズ，インフアントトレー
5,56,5696,569672,キッズ・インファント　アンダーウエア,キツズ，インフアントアンタ
5,56,5696,569688,キッズ・インファント　アクセサリー,キツズ，インフアントアクセ
5,56,5696,569689,キッズ・インファント　その他ウェア,キツズ，インフアントソノタ
5,56,5696,569697,キッズ・インファント　その他,キツズ，インフアントソノタ
5,56,5698,569801,その他スポーツ　バッグ・ケース,ソノタスポーツバツグ，
5,56,5698,569845,その他スポーツ　その他グッズ,ソノタスポーツソノタグツ
5,56,5698,569847,その他スポーツ　シューズ,ソノタスポーツシユーズ
5,56,5698,569848,その他スポーツ　シューズアクセサリー,ソノタスポーツシユーズア
5,56,5698,569851,その他スポーツ　トレーニングウェア,ソノタスポーツトレーニンク
5,56,5698,569853,その他スポーツ　ウインドブレーカー,ソノタスポーツウインドフ
5,56,5698,569855,その他スポーツ　スウエット,ソノタスポーツスウエツト
5,56,5698,569859,その他スポーツ　トレーナー・Ｔシャツ,ソノタスポーツトレーナー，
5,56,5698,569872,その他スポーツ　アンダーウエア,ソノタスポーツアンダーウ
5,56,5698,569888,その他スポーツ　アクセサリー,ソノタスポーツアクセサリー
5,56,5698,569889,その他スポーツ　その他ウェア,ソノタスポーツソノタウエア
5,56,5698,569897,その他スポーツ　その他,ソノタスポーツソノタ
9,99,9901,990199,その他輸入商品不明,ソノタユニユウシヨウヒンフメ
